x,y,z
379259.75529483514,4699480.676002578,1.0
379263.53601081733,4699477.437216091,1.0
379264.1677141013,4699477.5629396215,1.0
379258.4898477347,4699476.027198234,1.0
379261.5824652115,4699480.3305916535,1.0
379264.8491318236,4699479.40094437,1.0
379260.8340260163,4699476.007724273,1.0
379262.48703343264,4699481.562845062,1.0
379259.038849961,4699475.245443857,1.0
379259.5481302721,4699477.974946276,1.0
379259.52055771474,4699478.6034852415,1.0
379260.52989336825,4699478.913271788,1.0
379261.16434737016,4699478.064740989,1.0
379264.2991285711,4699477.784297163,1.0
379263.76562948927,4699477.244232557,1.0
379259.1439439907,4699477.677732646,1.0
379260.1857514143,4699479.74142918,1.0
379259.2035853144,4699479.001754868,1.0
379259.3085866532,4699478.696937742,1.0
379258.95571824955,4699477.358053301,1.0
379260.4542929219,4699480.023956321,1.0
379261.31403264165,4699481.280834259,1.0
379261.63776044035,4699480.183114435,1.0
379263.2388454554,4699481.281578332,1.0
379264.3944529846,4699477.698993792,1.0
379262.931281828,4699477.532048823,1.0
379259.10617628164,4699478.991425556,1.0
379258.3741014016,4699477.206853117,1.0
379262.9683528547,4699477.998895329,1.0
379262.88271739637,4699478.610150239,1.0
379262.4896859255,4699481.243942624,1.0
379263.86022427946,4699477.388931508,1.0
379262.7468434301,4699481.511957445,1.0
379262.1105203437,4699479.058318052,1.0
379263.724267262,4699478.828067232,1.0
379261.2748627904,4699476.280882802,1.0
379257.2933715106,4699478.424602911,1.0
379260.2553999004,4699478.0179538205,1.0
379259.09633716475,4699476.988971927,1.0
379262.3551882292,4699480.347286098,1.0
379264.76458796544,4699478.295868506,1.0
379262.35032992886,4699479.030093173,1.0
379264.95746773534,4699477.82088522,1.0
379260.8398951868,4699479.458066059,1.0
379261.5591777592,4699477.337147693,1.0
379259.7555295056,4699477.8124660775,1.0
379258.98322906526,4699476.93525821,1.0
379258.6842893308,4699479.271067867,1.0
379258.97964547836,4699477.134600342,1.0
379263.8945891445,4699478.679590448,1.0
379258.53304147284,4699479.4318561135,1.0
379263.4535981846,4699481.830091638,1.0
379262.7428149503,4699480.925473265,1.0
379261.3618647873,4699480.5783360265,1.0
379265.32324252534,4699477.93427325,1.0
379259.0812908132,4699476.618866461,1.0
379263.346449945,4699479.25339965,1.0
379256.39056324825,4699473.814255468,1.0
379262.72508842096,4699478.410241936,1.0
379262.064440561,4699476.279730604,1.0
379260.1962170554,4699477.43417892,1.0
379260.6133065611,4699477.13644259,1.0
379261.16090126877,4699480.903302157,1.0
379263.2193504718,4699481.793452911,1.0
379259.6835120794,4699477.311562333,1.0
379263.51566157886,4699481.361439687,1.0
379262.39872800384,4699478.709902025,1.0
379263.54177468084,4699479.872423595,1.0
379259.27522381884,4699478.378384007,1.0
379259.08528999996,4699476.336912684,1.0
379260.13934137323,4699479.652365603,1.0
379261.6233474435,4699479.998127425,1.0
379259.9176820084,4699475.502785763,1.0
379261.82282815885,4699479.847094226,1.0
379260.97315788077,4699477.95194699,1.0
379262.5295085623,4699479.646594239,1.0
379258.6516489838,4699477.687916142,1.0
379261.2332582366,4699476.398649065,1.0
379262.5950086483,4699476.914009899,1.0
379256.3327052562,4699477.513904067,1.0
379264.0783279129,4699480.887823562,1.0
379263.1432031025,4699478.88723604,1.0
379259.0697818642,4699478.853219313,1.0
379258.79758844775,4699476.80687308,1.0
379259.4616326578,4699479.009303645,1.0
379257.958044774,4699476.759746076,1.0
379261.0950444044,4699481.047937155,1.0
379260.24113925966,4699479.394986143,1.0
379259.92166603846,4699480.690434633,1.0
379260.46135987254,4699477.863869182,1.0
379257.7909471707,4699478.009188301,1.0
379257.70028962335,4699477.480813974,1.0
379258.8867262328,4699478.386591665,1.0
379261.2830858069,4699477.866083075,1.0
379262.54801167006,4699480.327211438,1.0
379262.3701909876,4699480.7509668255,1.0
379264.4764371674,4699478.217372476,1.0
379258.8078513495,4699477.24596757,1.0
379262.3893487475,4699476.655218493,1.0
379263.8945661842,4699480.254589265,1.0
379260.1873895941,4699479.33306425,1.0
379263.3684105879,4699477.813529735,1.0
379263.40955203184,4699477.356987412,1.0
379257.65494567034,4699477.0990005275,1.0
379259.38537922536,4699478.5804461185,1.0
379264.4599692877,4699480.803288288,1.0
379264.0956355089,4699477.75482512,1.0
379263.0986526931,4699478.613764796,1.0
379264.4885050218,4699477.582433786,1.0
379257.66231949657,4699479.273604198,1.0
379260.82532374887,4699475.773334241,1.0
379262.9467183638,4699478.793088507,1.0
379261.2085584061,4699477.819383412,1.0
379259.18493818707,4699478.848039446,1.0
379259.79173245555,4699477.73066032,1.0
379258.6398858527,4699477.530039331,1.0
379264.65805922745,4699478.270409427,1.0
379262.89243567764,4699481.36292561,1.0
379262.8791314538,4699478.251580674,1.0
379259.90070083254,4699478.400422421,1.0
379261.03430716565,4699481.110174756,1.0
379258.7795170093,4699480.000658933,1.0
379262.17493504495,4699481.304125985,1.0
379263.0017056096,4699477.489100822,1.0
379262.9521380811,4699479.073726145,1.0
379259.3696049571,4699476.563373143,1.0
379261.4366996932,4699477.593092356,1.0
379261.0725238077,4699476.393939658,1.0
379256.97577973787,4699478.896741602,1.0
379260.1402465829,4699476.229931278,1.0
379264.0590076283,4699478.034694817,1.0
379259.5557501081,4699478.440649206,1.0
379262.3367166724,4699481.790383234,1.0
379263.275345952,4699477.820539251,1.0
379258.7818907102,4699477.621001226,1.0
379263.0845367793,4699480.754753758,1.0
379264.5601682578,4699478.578068288,1.0
379258.4871422466,4699477.238805441,1.0
379262.8484866115,4699478.52197656,1.0
379260.6631867631,4699478.764991192,1.0
379263.50306036964,4699477.833692093,1.0
379261.40656329494,4699478.57313991,1.0
379260.03799676645,4699476.609310045,1.0
379259.01820679347,4699477.255273959,1.0
379260.097354456,4699477.464033943,1.0
379265.1249598459,4699479.065184462,1.0
379256.8188224104,4699478.379784073,1.0
379260.096780403,4699477.339777157,1.0
379263.9759240568,4699478.612031245,1.0
379260.67447618465,4699477.347850059,1.0
379262.2180143713,4699476.542579022,1.0
379262.28509003797,4699479.202535664,1.0
379261.7732982734,4699477.480571062,1.0
379259.0682157287,4699479.640935509,1.0
379259.8915691389,4699477.682890968,1.0
379260.65264062147,4699475.859773006,1.0
379262.3958087607,4699476.527510739,1.0
379259.72584569943,4699478.228504665,1.0
379265.4409246158,4699478.578488284,1.0
379263.3454556303,4699477.187930243,1.0
379263.09411231324,4699481.366899083,1.0
379259.0947883952,4699477.201213134,1.0
379263.79530339054,4699479.005322417,1.0
379261.4213134687,4699477.761354035,1.0
379261.993379808,4699478.960056554,1.0
379265.16445216764,4699478.856116352,1.0
379264.01862308953,4699480.162059582,1.0
379261.1024663239,4699479.421486396,1.0
379263.2353880103,4699478.843905906,1.0
379264.4140080029,4699478.078102196,1.0
379264.23297454324,4699479.46977125,1.0
379260.0817970645,4699480.2348849885,1.0
379257.81925716455,4699477.55785521,1.0
379263.2735939646,4699480.804416664,1.0
379263.2914857486,4699481.226032796,1.0
379259.319406703,4699477.304336992,1.0
379260.6717233642,4699476.25301283,1.0
379258.2831234986,4699476.333040129,1.0
379263.83744448883,4699477.497883994,1.0
379258.10832865915,4699478.751878871,1.0
379255.489935945,4699474.3961598575,1.0
379263.7874971307,4699479.4156819815,1.0
379263.4550823409,4699479.959534867,1.0
379260.2532173709,4699479.810211593,1.0
379263.35381039657,4699476.9152950905,1.0
379260.43427281367,4699479.603445246,1.0
379259.8343304085,4699475.441336584,1.0
379259.91510097275,4699479.696049006,1.0
379259.9624915265,4699477.105005837,1.0
379259.3443806686,4699476.400636608,1.0
379262.8489939038,4699476.671187837,1.0
379263.29456628964,4699479.6329445075,1.0
379263.93307428795,4699481.106542953,1.0
379263.2166702891,4699479.077159642,1.0
379260.8601640954,4699477.22914856,1.0
379264.32604272786,4699480.400376657,1.0
379256.9545052324,4699474.693995235,1.0
379258.6809619519,4699478.213081669,1.0
379263.3831699012,4699478.735260177,1.0
379262.1068776846,4699476.780389066,1.0
379263.1104571298,4699477.69728041,1.0
379261.361559491,4699480.779568373,1.0
379264.9651901103,4699478.026507952,1.0
379264.55041899666,4699478.364115142,1.0
379265.2496195362,4699478.668948552,1.0
379258.47417043685,4699477.1759473905,1.0
379260.67890010396,4699477.49579206,1.0
379259.52020379266,4699478.064973151,1.0
379262.1247081382,4699476.538702197,1.0
379258.35707053187,4699477.787603293,1.0
379262.5278327573,4699479.866704583,1.0
379259.7210265626,4699478.0419954425,1.0
379265.445587812,4699478.080759659,1.0
379258.2681885946,4699474.872265341,1.0
379262.6627074723,4699481.947298554,1.0
379265.40704698476,4699478.687472137,1.0
379264.60163315333,4699478.878069455,1.0
379259.8986426817,4699477.468077044,1.0
379261.89848588646,4699476.398321836,1.0
379263.20459162665,4699479.769296943,1.0
379263.0409743691,4699480.086592884,1.0
379262.99476940144,4699480.648816352,1.0
379264.2856478667,4699479.749041106,1.0
379263.3610484778,4699479.144132117,1.0
379261.77232216403,4699476.93429813,1.0
379264.3821748141,4699478.814353653,1.0
379263.96636080986,4699477.870539504,1.0
379261.68753146066,4699476.652070075,1.0
379259.860196227,4699480.292833832,1.0
379255.83588762244,4699474.923426644,1.0
379258.71108413674,4699479.130736044,1.0
379259.548319007,4699475.858726664,1.0
379259.8518649679,4699480.224919316,1.0
379258.98454164545,4699476.207999117,1.0
379263.2560042578,4699481.045493284,1.0
379258.05877324095,4699477.215154426,1.0
379258.8721618211,4699476.748516523,1.0
379263.7330108726,4699479.1374063715,1.0
379258.8513906744,4699478.7618223475,1.0
379262.9612637195,4699480.91627877,1.0
379263.62547782453,4699481.167843608,1.0
379260.0407860387,4699477.781560077,1.0
379262.98015840334,4699477.063456567,1.0
379259.94868163974,4699477.664556326,1.0
379265.0956506925,4699478.847985835,1.0
379259.7125824309,4699477.239578639,1.0
379258.87297348666,4699479.0443072505,1.0
379263.6869157569,4699477.119667077,1.0
379257.37366173306,4699478.59543759,1.0
379263.02077199466,4699478.721323721,1.0
379265.01354815403,4699479.46797438,1.0
379259.2153738488,4699477.239353235,1.0
379258.8591375067,4699477.238375455,1.0
379263.4188830885,4699477.799630711,1.0
379262.34033441375,4699481.891262827,1.0
379263.08034491667,4699479.6599982595,1.0
379260.7854803754,4699479.571087516,1.0
379263.91758217494,4699479.630916105,1.0
379264.4512643791,4699478.837150889,1.0
379262.83318617794,4699478.326040507,1.0
379261.05675615236,4699477.7872295035,1.0
379259.46034328715,4699476.794258888,1.0
379261.24712045776,4699477.937124986,1.0
379260.92400413234,4699478.936435902,1.0
379260.17794002546,4699479.074124815,1.0
379259.1323056973,4699476.334779076,1.0
379263.9812558506,4699479.027952192,1.0
379254.60393115145,4699476.663721571,1.0
379261.96982438944,4699479.241909874,1.0
379260.0942220262,4699477.018976292,1.0
379259.31905668246,4699477.016044198,1.0
379261.7351204046,4699478.443837334,1.0
379259.04587342864,4699477.035658462,1.0
379253.7228542742,4699477.3935640445,1.0
379261.49231865193,4699478.038057252,1.0
379259.84756541066,4699478.83851793,1.0
379259.4368742708,4699476.163806413,1.0
379263.9760364713,4699477.650741951,1.0
379259.84960991977,4699479.802491315,1.0
379257.042773236,4699474.883571339,1.0
379263.2713547815,4699476.918286663,1.0
379261.279553315,4699476.7635877095,1.0
379260.02401387476,4699477.502168851,1.0
379260.32525096386,4699478.251856379,1.0
379262.9258997357,4699476.659422797,1.0
379262.0825840961,4699479.5142811835,1.0
379259.7381976871,4699476.316489804,1.0
379265.20580985374,4699479.279946093,1.0
379258.0953985426,4699478.545369869,1.0
379260.07786049333,4699479.48520623,1.0
379258.3902695394,4699478.461040065,1.0
379258.6188720839,4699477.386792959,1.0
379261.6875128207,4699480.11654282,1.0
379257.18509763974,4699478.511847858,1.0
379264.50069288485,4699478.144342673,1.0
379263.95929426723,4699480.2936901655,1.0
379258.6320647867,4699478.5875347415,1.0
379259.1578540913,4699477.464056879,1.0
379264.0512893162,4699477.4982495215,1.0
379263.5863720363,4699478.777305276,1.0
379259.01778943656,4699479.4078140715,1.0
379256.94062824413,4699478.280929959,1.0
379262.4290758112,4699481.227090144,1.0
379257.44156320207,4699477.859577215,1.0
379259.89163475845,4699478.655816089,1.0
379263.55263576354,4699477.204222264,1.0
379259.4889420281,4699480.455331832,1.0
379262.24270069174,4699477.192850935,1.0
379258.1889334461,4699476.8898830945,1.0
379262.4670016552,4699481.164338256,1.0
379260.024424468,4699477.355864867,1.0
379263.39931493177,4699478.266887703,1.0
379260.2195242579,4699476.2032898255,1.0
379258.1143178006,4699475.695283745,1.0
379258.6657300305,4699476.935110061,1.0
379262.91366367287,4699477.853775214,1.0
379262.95501851913,4699480.425190697,1.0
379264.8926270344,4699479.164123711,1.0
379257.13446390175,4699479.218986268,1.0
379258.32279416296,4699475.782879733,1.0
379259.164559337,4699477.928045742,1.0
379258.86541538587,4699477.841030084,1.0
379259.60575133347,4699478.394025255,1.0
379260.69369326014,4699479.149146426,1.0
379258.11235356214,4699476.651157793,1.0
379263.91500363674,4699477.367835052,1.0
379264.4648184162,4699478.963378279,1.0
379265.2095925726,4699477.685168164,1.0
379259.3481505526,4699476.653072291,1.0
379257.91346065735,4699478.911583246,1.0
379263.5359348244,4699480.017038283,1.0
379263.81545288314,4699479.717239028,1.0
379263.4190711033,4699480.455616516,1.0
379262.93206992664,4699479.817127126,1.0
379259.62428435753,4699480.432769375,1.0
379260.8826814313,4699481.052457149,1.0
379262.73576345894,4699479.345321543,1.0
379259.22762222856,4699477.4437788045,1.0
379260.530477996,4699477.001948237,1.0
379258.3538809656,4699475.864940514,1.0
379263.046694106,4699477.208470104,1.0
379263.241516022,4699479.961308179,1.0
379259.6511895139,4699480.270909997,1.0
379259.29374155594,4699477.344605743,1.0
379259.1644254289,4699477.130588246,1.0
379255.11731792876,4699473.9524280615,1.0
379253.5895594605,4699477.210875263,1.0
379262.5795684172,4699481.067379435,1.0
379258.5617193607,4699476.685080383,1.0
379261.01762644004,4699481.302301879,1.0
379260.52563176013,4699475.824525704,1.0
379262.295040749,4699479.744519631,1.0
379258.12405545235,4699478.025118097,1.0
379264.414721778,4699479.643529217,1.0
379264.777457988,4699479.874054696,1.0
379263.70088780526,4699477.345024018,1.0
379262.872664673,4699478.695720092,1.0
379256.1656587813,4699479.027887262,1.0
379259.2311020996,4699478.707914374,1.0
379262.00543996977,4699479.153347193,1.0
379259.93394510995,4699478.340176409,1.0
379263.81772056606,4699478.842822028,1.0
379257.9835996927,4699475.713304587,1.0
379259.6987981603,4699475.819892423,1.0
379264.18951758044,4699480.26760731,1.0
379258.5498686362,4699475.394782408,1.0
379259.7734417694,4699480.484783161,1.0
379258.803443144,4699475.565692833,1.0
379263.9056464274,4699480.671857114,1.0
379259.34178514173,4699477.180528989,1.0
379263.6094231832,4699478.939910836,1.0
379257.24239002896,4699477.454607038,1.0
379259.1732864353,4699478.563553484,1.0
379258.94460488245,4699476.405080642,1.0
379265.5512415471,4699477.986244429,1.0
379264.13157710526,4699478.76657715,1.0
379258.9971985899,4699476.834043836,1.0
379258.56777365634,4699477.15978407,1.0
379264.94662540907,4699478.677119495,1.0
379257.46642578655,4699479.137631207,1.0
379257.67015727836,4699478.340197508,1.0
379258.8659941192,4699476.837943633,1.0
379262.6538981594,4699479.044284825,1.0
379257.74152633955,4699476.993318326,1.0
379263.09696408006,4699478.139342724,1.0
379259.68211683014,4699478.743508372,1.0
379258.5341998579,4699475.601812208,1.0
379260.2692591711,4699479.113918655,1.0
379264.59568171314,4699480.688980451,1.0
379257.27755078295,4699474.393833893,1.0
379258.355768165,4699478.000814005,1.0
379260.42788442137,4699477.236767401,1.0
379259.8621816584,4699479.534998342,1.0
379259.8428172447,4699480.524545399,1.0
379265.01495031716,4699479.066547478,1.0
379262.9826914932,4699479.6045482075,1.0
379263.10604902153,4699477.998764003,1.0
379264.0619807418,4699477.678912653,1.0
379258.5419702651,4699479.21130151,1.0
379265.1857945202,4699477.867780458,1.0
379263.9917536815,4699480.8002778115,1.0
379261.6458322903,4699478.623000797,1.0
379263.58108476986,4699479.803789933,1.0
379258.6062624847,4699479.558603025,1.0
379263.974825648,4699477.922607064,1.0
379263.3749027449,4699478.654172728,1.0
379253.58781285957,4699477.809546335,1.0
379264.18504842574,4699479.285281321,1.0
379263.0961615286,4699478.245798012,1.0
379254.74461109436,4699475.319643857,1.0
379263.8468929506,4699477.202444451,1.0
379264.1452207524,4699478.809627031,1.0
379264.9197104219,4699477.969955251,1.0
379261.4945525524,4699478.16163548,1.0
379264.95720539824,4699478.827648942,1.0
379261.3259565538,4699478.347028236,1.0
379263.7023309793,4699477.8185381,1.0
379257.16935249924,4699479.141565837,1.0
379259.6259204953,4699476.3166305,1.0
379263.6637251927,4699478.675339533,1.0
379259.7959589914,4699480.535240095,1.0
379257.1191962395,4699478.62046396,1.0
379259.4458802502,4699477.7354121655,1.0
379263.41268968163,4699480.810822892,1.0
379264.75291329337,4699479.187596078,1.0
379257.2904800323,4699478.571984188,1.0
379258.727422144,4699476.397800251,1.0
379264.6604174918,4699477.41524827,1.0
379256.6951666403,4699475.893951205,1.0
379264.64119123877,4699477.634049068,1.0
379264.1415013788,4699480.554761157,1.0
379265.156812559,4699479.446379069,1.0
379260.5369453302,4699478.233023886,1.0
379258.3437320131,4699475.36873178,1.0
379265.0556520303,4699479.297856776,1.0
379264.1283206513,4699477.341209932,1.0
379263.19062750426,4699478.86041311,1.0
379260.1558472389,4699479.85585323,1.0
379253.19426275074,4699476.849238294,1.0
379257.945613302,4699478.45490286,1.0
379261.88561271154,4699479.480132509,1.0
379263.09949204087,4699479.602770436,1.0
379257.42201777425,4699477.647095931,1.0
379258.91586435324,4699478.329360789,1.0
379258.56969918177,4699478.981511289,1.0
379260.0752299739,4699475.607067603,1.0
379258.6545692687,4699478.42295689,1.0
379259.7571234769,4699476.959294835,1.0
379258.86733056506,4699479.9193793135,1.0
379263.41240904573,4699477.210385117,1.0
379259.8623268681,4699477.541730136,1.0
379264.3657493603,4699478.601510141,1.0
379258.96769563673,4699478.369837795,1.0
379264.8316993263,4699478.881901858,1.0
379264.00143990316,4699477.221519192,1.0
379263.0709546671,4699476.948204118,1.0
379263.5256716543,4699476.943828062,1.0
379258.4642462791,4699477.495591303,1.0
379263.87607617286,4699477.69630749,1.0
379261.6985385313,4699477.531769973,1.0
379259.13069902547,4699478.381945837,1.0
379261.59032145573,4699478.207890438,1.0
379258.8041066223,4699475.100455484,1.0
379257.6010117966,4699478.618304256,1.0
379263.6285354423,4699477.552405844,1.0
379264.64835438895,4699478.585096181,1.0
379258.98029982456,4699477.5352126295,1.0
379262.42761946155,4699478.642815567,1.0
379258.59300509805,4699479.302765881,1.0
379258.9875547079,4699478.269904819,1.0
379263.6268955125,4699477.701277706,1.0
379265.68131828564,4699477.965602589,1.0
379264.6661209079,4699478.996549284,1.0
379263.1200537129,4699476.873846814,1.0
379263.36058159114,4699478.021012765,1.0
379264.243859797,4699477.631223949,1.0
379261.59481498,4699477.675159596,1.0
379258.24782125576,4699478.880236696,1.0
379264.27028931706,4699480.159696257,1.0
379264.9521668754,4699478.2183266515,1.0
379257.6028452568,4699478.088076739,1.0
379258.7686098326,4699475.920512943,1.0
379257.5458513406,4699475.8782643555,1.0
379261.4357224796,4699480.445382726,1.0
379258.513273908,4699479.130311715,1.0
379258.12322085025,4699479.080863199,1.0
379259.76503090333,4699478.4057960035,1.0
379258.87685961736,4699476.610890097,1.0
379255.261880104,4699475.347077686,1.0
379264.37926797225,4699478.649780914,1.0
379259.6892628688,4699477.848206153,1.0
379260.220462344,4699476.777264635,1.0
379258.72713644704,4699476.919991071,1.0
379263.52284047013,4699478.44640063,1.0
379262.9924303127,4699478.262020588,1.0
379262.5494223056,4699481.231086063,1.0
379259.36603318935,4699478.516037363,1.0
379261.8514618915,4699478.880873581,1.0
379258.96091715514,4699478.06982927,1.0
379263.91804526874,4699478.295526989,1.0
379258.9710226284,4699478.223920409,1.0
379262.25871642464,4699476.856511254,1.0
379258.2058744402,4699478.5824444,1.0
379264.27046278503,4699478.243859455,1.0
379259.7976677127,4699476.968157932,1.0
379259.2726491017,4699476.473914286,1.0
379265.01630430465,4699478.647488461,1.0
379261.4981263755,4699480.134962215,1.0
379258.66142792127,4699479.727964168,1.0
379261.85701155505,4699479.331623625,1.0
379260.3184018911,4699478.923457756,1.0
379260.1385378447,4699480.593978678,1.0
379264.5113361982,4699479.087011337,1.0
379258.57307422464,4699479.114156673,1.0
379259.9225355109,4699477.023331805,1.0
379263.0618641566,4699479.825506638,1.0
379256.87354102393,4699474.954754351,1.0
379259.4742357986,4699476.91812528,1.0
379263.4106869771,4699477.598364195,1.0
379259.9208161869,4699480.395218036,1.0
379253.5017019814,4699474.444890107,1.0
379261.06646354136,4699477.091047322,1.0
379259.59773472394,4699477.809491969,1.0
379262.53932857886,4699481.116337148,1.0
379260.4148116736,4699480.963871896,1.0
379262.85315599147,4699480.460836901,1.0
379263.081396791,4699477.298534699,1.0
379253.66966847994,4699476.480554628,1.0
379262.65332293976,4699481.3826885065,1.0
379259.8772852422,4699480.5166887045,1.0
379258.4675865178,4699479.106878688,1.0
379263.20830821316,4699477.5593869155,1.0
379262.9173505059,4699476.942596458,1.0
379260.2886735775,4699476.150143998,1.0
379254.0171545889,4699474.415546793,1.0
379263.7705418867,4699479.57667602,1.0
379263.67988926946,4699479.46663273,1.0
379258.5306909208,4699477.802905645,1.0
379258.39304190525,4699477.144424733,1.0
379259.400791554,4699475.898440693,1.0
379264.2430049163,4699477.9534350755,1.0
379258.002118818,4699478.658488422,1.0
379259.58374690666,4699477.203636747,1.0
379264.27925215603,4699478.532964339,1.0
379257.9438358102,4699478.243938121,1.0
379264.7355502569,4699480.385879609,1.0
379258.4816848807,4699478.959791824,1.0
379259.57159118284,4699478.209275665,1.0
379264.4692763591,4699479.803957125,1.0
379259.42631744,4699476.125183652,1.0
379253.69760092965,4699475.4919097405,1.0
379257.251773064,4699477.575173812,1.0
379263.61345620255,4699477.167946152,1.0
379263.24547523144,4699478.009070316,1.0
379257.7208706915,4699478.68007157,1.0
379261.9479478564,4699477.195148785,1.0
379264.1480654644,4699478.704555628,1.0
379264.37230142485,4699479.619304542,1.0
379264.07163914025,4699478.597571346,1.0
379259.77609942673,4699480.572649006,1.0
379260.0319730558,4699476.919239159,1.0
379254.1187371336,4699475.294270296,1.0
379259.2145327159,4699477.9231790835,1.0
379258.0798098028,4699477.393099424,1.0
379258.7099473175,4699478.708667956,1.0
379264.6732506686,4699479.287160335,1.0
379258.2854596282,4699479.774775961,1.0
379258.2667322373,4699478.74009311,1.0
379258.04565420205,4699476.590349865,1.0
379262.4765580013,4699480.79447083,1.0
379265.4669605799,4699478.2387984395,1.0
379259.6093632376,4699476.672769181,1.0
379265.38642235956,4699477.8391297255,1.0
379256.2242848426,4699478.8807794945,1.0
379259.5700607328,4699476.586840438,1.0
379258.70971241605,4699478.917034566,1.0
379263.6641841504,4699477.764608703,1.0
379259.9818148006,4699477.362074419,1.0
379260.4052161152,4699476.897311232,1.0
379253.9893890472,4699477.687463174,1.0
379263.18205492414,4699479.021105705,1.0
379256.9750745955,4699478.784089822,1.0
379257.6348958967,4699475.175149365,1.0
379259.1884769856,4699476.963549335,1.0
379265.1628455676,4699477.961668828,1.0
379257.3270534243,4699478.323707821,1.0
379261.35850872885,4699476.646772667,1.0
379263.62471087434,4699479.116414335,1.0
379259.9927320854,4699477.582612953,1.0
379259.4091665682,4699476.821159593,1.0
379264.29042750184,4699478.799834801,1.0
379259.1542594525,4699476.49876112,1.0
379262.49274239934,4699476.913051149,1.0
379253.5745395365,4699477.521479444,1.0
379258.9435454428,4699476.550182082,1.0
379259.4463787913,4699478.384918165,1.0
379264.26704863773,4699478.658422115,1.0
379260.4393793529,4699478.119309387,1.0
379259.42506761546,4699475.972615818,1.0
379258.5601738226,4699477.760372046,1.0
379253.09037010523,4699477.639190324,1.0
379258.6336155538,4699477.879068991,1.0
379262.99763051985,4699479.161018791,1.0
379265.1948981022,4699478.619266101,1.0
379258.1050756436,4699478.678073498,1.0
379263.5711679398,4699477.501245316,1.0
379260.5208303966,4699479.53935027,1.0
379261.31918937096,4699478.521140734,1.0
379259.2602291213,4699476.663821994,1.0
379264.5154466954,4699478.745337455,1.0
379264.06812861824,4699478.942947609,1.0
379259.59215892473,4699476.0688330885,1.0
379261.67348683235,4699479.674333516,1.0
379264.7847779366,4699479.009285815,1.0
379264.30562107277,4699478.589551966,1.0
379262.9938037401,4699478.432431523,1.0
379259.13209029194,4699478.316931086,1.0
379257.41486471565,4699476.156264418,1.0
379255.9621220616,4699478.018496537,1.0
379257.75789961795,4699477.518746958,1.0
379263.11191972974,4699477.553811863,1.0
379264.8556227074,4699479.306961349,1.0
379259.11809464253,4699478.894549219,1.0
379257.6087416133,4699478.140910825,1.0
379258.99767875724,4699476.468887087,1.0
379265.08363992936,4699479.136597132,1.0
379263.7481723491,4699478.494329723,1.0
379258.30450163095,4699477.309850448,1.0
379259.1589795061,4699479.541619033,1.0
379265.291941729,4699478.736332367,1.0
379260.2082797757,4699477.1662170775,1.0
379257.552087165,4699478.809416717,1.0
379257.10414644895,4699478.2254263,1.0
379258.90384318447,4699476.8976453105,1.0
379258.8214927142,4699478.080827831,1.0
379256.3348899021,4699477.163511142,1.0
379263.5104368989,4699479.671902215,1.0
379261.14595601783,4699479.673285677,1.0
379264.1868026636,4699477.272179556,1.0
379258.6910711989,4699476.434139023,1.0
379257.81127406895,4699477.762948817,1.0
379258.48819961824,4699477.306033144,1.0
379262.20188070706,4699477.366456069,1.0
379259.69917817385,4699478.945352731,1.0
379257.3929434231,4699479.310725769,1.0
379262.5691938168,4699478.677994788,1.0
379260.06127150374,4699480.82586215,1.0
379262.5026834741,4699478.715848866,1.0
379258.6966406613,4699477.019736715,1.0
379258.59807368147,4699477.337593959,1.0
379260.9753037052,4699478.165706651,1.0
379263.501008822,4699478.207002859,1.0
379259.4278634217,4699477.347046576,1.0
379259.58360302943,4699477.868870796,1.0
379258.65754368564,4699477.941866579,1.0
379263.2768840743,4699478.801205939,1.0
379264.21015108156,4699477.21022358,1.0
379257.7435365812,4699477.486376163,1.0
379258.6090523185,4699478.958009531,1.0
379263.1207221032,4699479.314793178,1.0
379262.8187713948,4699478.227535333,1.0
379262.6577254065,4699476.810903575,1.0
379260.04573243693,4699478.301587804,1.0
379263.0658388679,4699476.724815044,1.0
379258.6992419142,4699479.022313602,1.0
379264.10907083325,4699478.199139793,1.0
379257.4036124658,4699476.910229301,1.0
379260.26268183434,4699480.976480933,1.0
379264.1724784836,4699478.89187613,1.0
379259.5255364851,4699476.960412034,1.0
379262.38586351014,4699479.124450724,1.0
379259.4524582251,4699477.893912176,1.0
379258.03672100016,4699478.0618959805,1.0
379261.57058251713,4699478.164440316,1.0
379265.33155430167,4699478.280298667,1.0
379259.09740576614,4699476.244716345,1.0
379262.5344785922,4699481.39882093,1.0
379258.8875450934,4699478.19288898,1.0
379259.6743250101,4699480.120411468,1.0
379261.62523914094,4699477.898809154,1.0
379258.03719644685,4699479.886182577,1.0
379262.5904033891,4699478.638476644,1.0
379261.6860395275,4699477.288257815,1.0
379262.7633485509,4699476.869346684,1.0
379259.24439995206,4699476.939219619,1.0
379258.7938190866,4699477.546971782,1.0
379263.8848762264,4699477.083980699,1.0
379260.3948838583,4699478.775628305,1.0
379258.30798320886,4699476.996073227,1.0
379256.2750358595,4699478.009019279,1.0
379263.73844876274,4699477.862103469,1.0
379259.3204500672,4699478.080363914,1.0
379264.25737576355,4699478.770745191,1.0
379262.6107276137,4699479.26851954,1.0
379258.371369137,4699478.28127148,1.0
379258.3979487221,4699478.977857895,1.0
379264.09178984346,4699478.527968159,1.0
379262.77900850726,4699478.969780653,1.0
379258.2209579945,4699478.035546132,1.0
379256.4537559256,4699475.84962134,1.0
379259.7119522398,4699476.384576693,1.0
379263.18640544906,4699477.130409107,1.0
379263.18046806357,4699481.486537867,1.0
379259.4327271638,4699476.657241929,1.0
379259.16712182085,4699476.712049109,1.0
379258.68128463964,4699479.0825098585,1.0
379264.71160082315,4699479.2382244365,1.0
379254.57693927945,4699476.557075584,1.0
379253.6260751926,4699477.262646838,1.0
379257.9368601226,4699478.3253891505,1.0
379263.49195844826,4699478.246469027,1.0
379259.5487633479,4699475.411186802,1.0
379263.4388959361,4699479.072163468,1.0
379263.8877534825,4699478.979259151,1.0
379264.29733073997,4699478.088359347,1.0
379264.5111338549,4699478.652692912,1.0
379260.23746745347,4699478.258884827,1.0
379258.1362741042,4699476.843737057,1.0
379257.97589178314,4699477.938232017,1.0
379263.3375682778,4699478.677965034,1.0
379264.2412634331,4699478.526772306,1.0
379257.75115208124,4699477.873669675,1.0
379262.8002764554,4699477.162192917,1.0
379263.0722555503,4699477.588467158,1.0
379258.838884007,4699477.753692019,1.0
379263.23690685624,4699479.602959314,1.0
379259.353675419,4699477.605768268,1.0
379260.6817484543,4699478.282978337,1.0
379264.14327367314,4699478.519385806,1.0
379263.4056123144,4699479.575335103,1.0
379258.36551063193,4699480.01950853,1.0
379258.9494153792,4699476.687993185,1.0
379258.8492798143,4699477.307958845,1.0
379262.83378765534,4699479.436018013,1.0
379252.84304382495,4699477.383925535,1.0
379261.44119780895,4699478.709225932,1.0
379263.6109545004,4699477.644141083,1.0
379258.4068622014,4699474.884089103,1.0
379263.70450751693,4699477.930939146,1.0
379263.83058933297,4699482.083582208,1.0
379259.04710440256,4699477.811068361,1.0
379257.2253456408,4699478.053384201,1.0
379262.48187394853,4699477.192252872,1.0
379258.43393760844,4699479.613204784,1.0
379258.8495374322,4699477.098808072,1.0
379264.74392560427,4699479.389969573,1.0
379257.30399049586,4699478.610526793,1.0
379258.4017885698,4699478.667248812,1.0
379258.523120347,4699477.042238284,1.0
379261.3449197894,4699476.563815624,1.0
379259.2591593899,4699476.546583091,1.0
379254.866814603,4699474.793900268,1.0
379261.99795444147,4699479.619929745,1.0
379262.1268147254,4699481.67197398,1.0
379263.46738023433,4699480.803082855,1.0
379257.55287930055,4699477.648115428,1.0
379261.21768712753,4699478.710323097,1.0
379260.06868124555,4699479.071076072,1.0
379262.698725035,4699478.590301016,1.0
379263.20225367264,4699482.183464609,1.0
379258.9953658482,4699478.886820118,1.0
379253.418023209,4699477.096114091,1.0
379258.3554327937,4699478.9719739,1.0
379263.7072322095,4699480.363745438,1.0
379263.64320038026,4699478.558566836,1.0
379258.9157055192,4699479.284098427,1.0
379263.3529501721,4699479.808568021,1.0
379264.93898753193,4699479.400805691,1.0
379259.74070999684,4699476.216536724,1.0
379260.42501141306,4699480.14671346,1.0
379256.78740468604,4699479.062664193,1.0
379258.72800752247,4699477.341547636,1.0
379264.3802415301,4699477.41894924,1.0
379261.54255844397,4699477.486071699,1.0
379264.22433650965,4699477.386235364,1.0
379263.1989792207,4699478.010661167,1.0
379263.1534124226,4699479.110178093,1.0
379257.2287947011,4699476.65687708,1.0
379260.0829958618,4699480.907359044,1.0
379259.433333912,4699479.347473422,1.0
379259.93798268423,4699475.467942849,1.0
379259.15265677107,4699475.928875076,1.0
379264.1493204051,4699478.481005175,1.0
379258.9530145847,4699475.367016316,1.0
379254.202917556,4699474.195067491,1.0
379262.4809143133,4699479.293181841,1.0
379258.79945985146,4699478.216878715,1.0
379256.6715231373,4699478.9338015765,1.0
379263.0135276046,4699479.102824025,1.0
379262.536991535,4699477.247724865,1.0
379259.8600527097,4699476.978878849,1.0
379256.0770326174,4699478.005210907,1.0
379258.1352410021,4699476.453476475,1.0
379260.3881701751,4699480.848244566,1.0
379262.649887396,4699479.224211549,1.0
379258.7583400125,4699475.5312823085,1.0
379259.48335274315,4699476.514791679,1.0
379257.73832951,4699479.096459511,1.0
379259.813190978,4699477.389290338,1.0
379259.4085804105,4699476.084610276,1.0
379258.697631359,4699477.369036526,1.0
379258.7025362982,4699479.0745887635,1.0
379259.5378200195,4699477.418202984,1.0
379259.34033074946,4699479.791860425,1.0
379259.7835727676,4699476.429466654,1.0
379259.0471569414,4699477.888221681,1.0
379261.9691826289,4699476.826766759,1.0
379258.4083468395,4699478.891790594,1.0
379259.81633394293,4699477.367917397,1.0
379263.5072632007,4699479.40884418,1.0
379258.5548459854,4699479.598565857,1.0
379263.4335720447,4699478.419979392,1.0
379261.29678893625,4699481.208244641,1.0
379259.086749052,4699478.077744075,1.0
379261.64200128947,4699478.545474974,1.0
379259.8772109207,4699478.912256662,1.0
379262.0332955873,4699477.115230787,1.0
379260.8194081013,4699479.078429931,1.0
379258.55917256384,4699478.520368821,1.0
379261.310235303,4699476.381817123,1.0
379262.8658894931,4699479.2436003825,1.0
379258.80057549727,4699476.485968909,1.0
379259.8867653707,4699477.807252787,1.0
379259.3946318711,4699475.8694881145,1.0
379259.2164044452,4699477.312183945,1.0
379259.6474716924,4699477.610451636,1.0
379256.01493174804,4699478.526312379,1.0
379253.94959949877,4699477.214174925,1.0
379258.7667533213,4699477.447118733,1.0
379263.1501983727,4699478.298022027,1.0
379260.48883717373,4699478.459262785,1.0
379258.78825737274,4699477.1094676135,1.0
379264.9131660054,4699478.565471661,1.0
379257.1778746129,4699476.830764813,1.0
379258.76110293355,4699478.165178114,1.0
379257.25772249454,4699477.6286200015,1.0
379259.5293959049,4699477.379771122,1.0
379257.7523010626,4699478.310393855,1.0
379262.35289532173,4699476.769986214,1.0
379258.78113672603,4699478.349795156,1.0
379252.1484773811,4699477.283985874,1.0
379265.01870309847,4699479.642541252,1.0
379264.50112693466,4699478.903883971,1.0
379259.8018840605,4699476.822005232,1.0
379258.4475158537,4699478.805417201,1.0
379262.8888922869,4699482.053873534,1.0
379261.77960116667,4699477.196317778,1.0
379263.1702257274,4699479.157052955,1.0
379262.2713445818,4699481.381797687,1.0
379259.6447354895,4699476.738953724,1.0
379258.8863674532,4699475.385305377,1.0
379264.6722537663,4699479.84804129,1.0
379259.996973756,4699477.549317582,1.0
379258.92713266914,4699475.32980384,1.0
379259.2098653713,4699477.508711925,1.0
379264.58022331906,4699480.413900777,1.0
379260.1843286655,4699478.279155378,1.0
379258.0664660592,4699478.911128728,1.0
379263.63890016987,4699478.431589176,1.0
379264.46728765825,4699479.693932615,1.0
379263.6028672741,4699481.678127447,1.0
379263.9975579871,4699477.990858601,1.0
379259.3016127812,4699475.954558677,1.0
379261.28375467384,4699478.760589072,1.0
379258.9413756999,4699475.231153739,1.0
379261.3463759488,4699476.601184665,1.0
379264.5391893442,4699479.195014652,1.0
379259.3648782018,4699477.1259690225,1.0
379258.8556945969,4699477.008098956,1.0
379262.63446343114,4699476.732132937,1.0
379260.0976826677,4699479.2738436805,1.0
379261.2798682949,4699480.480302333,1.0
379258.3658103602,4699478.159125835,1.0
379262.9950289184,4699477.337704918,1.0
379264.4126391704,4699479.2046882585,1.0
379264.7434342732,4699479.134836841,1.0
379263.4743006293,4699478.078722492,1.0
379259.53760590893,4699476.05170311,1.0
379259.0911508997,4699475.876439107,1.0
379264.07836305216,4699478.140394114,1.0
379264.8075675269,4699479.060812566,1.0
379263.2782148238,4699478.885681908,1.0
379263.8796640777,4699480.93453487,1.0
379253.97588721476,4699477.788539495,1.0
379263.418825672,4699480.557080363,1.0
379259.26588371024,4699478.8753272,1.0
379263.7459095679,4699480.534481539,1.0
379264.2166832414,4699477.998984647,1.0
379260.589443958,4699481.135308157,1.0
379262.4376716869,4699481.4087839285,1.0
379261.8499568858,4699477.969282084,1.0
379259.1419683834,4699475.677653194,1.0
379259.3294752929,4699475.159285899,1.0
379262.7993514706,4699480.392637317,1.0
379263.8985785836,4699478.394983243,1.0
379262.31476414745,4699481.594928766,1.0
379263.4174946563,4699480.32200944,1.0
379264.8017884913,4699478.522162501,1.0
379260.2820367601,4699476.898058328,1.0
379263.85117891146,4699479.0008485615,1.0
379260.73988129053,4699476.169756183,1.0
379255.3608575027,4699478.340849504,1.0
379261.7686297311,4699480.653899275,1.0
379264.98096297606,4699478.408596678,1.0
379261.53795241396,4699479.637036498,1.0
379256.7610100849,4699479.244386731,1.0
379260.5097737736,4699479.433412508,1.0
379263.4276915001,4699478.361248669,1.0
379263.97069730185,4699481.688045229,1.0
379257.39025983936,4699478.889175073,1.0
379257.92306279077,4699477.33222889,1.0
379263.01249969704,4699477.669276076,1.0
379262.15557077015,4699477.191770419,1.0
379263.35521519074,4699477.376474082,1.0
379259.79910338146,4699476.17468607,1.0
379264.6913671076,4699479.137258298,1.0
379264.3332281087,4699481.390487377,1.0
379263.7809900752,4699482.441314356,1.0
379259.1129096935,4699476.496568205,1.0
379260.5990430084,4699478.192701518,1.0
379265.3702306951,4699478.8804317815,1.0
379257.6154841133,4699478.20997955,1.0
379263.69575578324,4699480.2203792315,1.0
379262.7694882744,4699479.685222397,1.0
379260.2597407659,4699477.471076951,1.0
379259.5800562288,4699476.850974581,1.0
379265.00406293577,4699478.841418093,1.0
379263.93766529445,4699478.817311519,1.0
379257.16095916677,4699476.528956643,1.0
379259.84313587716,4699476.235065672,1.0
379258.24994207843,4699479.393014603,1.0
379261.68430381553,4699476.966958965,1.0
379263.5812791513,4699478.107301213,1.0
379263.4936675876,4699478.698707464,1.0
379261.79263725923,4699478.533645471,1.0
379258.4605575938,4699476.647787569,1.0
379258.9884326537,4699477.676582066,1.0
379263.9127439598,4699478.113647949,1.0
379264.619899102,4699479.292019862,1.0
379258.2809930592,4699478.793495215,1.0
379263.62722732057,4699478.318609631,1.0
379260.2762913881,4699477.272811114,1.0
379263.6442409564,4699477.192403755,1.0
379255.49085626967,4699478.362015045,1.0
379258.37120010605,4699476.521298889,1.0
379261.78720810043,4699477.703107036,1.0
379258.7810221923,4699479.690508527,1.0
379259.81107249035,4699478.284199746,1.0
379262.1596767217,4699481.771823233,1.0
379262.64730934415,4699477.038210876,1.0
379257.35248365387,4699477.298826438,1.0
379261.022589417,4699480.66250232,1.0
379259.05863376794,4699478.101215128,1.0
379259.9689683254,4699476.878232568,1.0
379264.4855998237,4699480.561348479,1.0
379258.70182507846,4699477.217647789,1.0
379261.0906193287,4699480.382309622,1.0
379262.925154755,4699477.681551848,1.0
379262.07876016316,4699477.195802242,1.0
379258.6497525969,4699479.8891709875,1.0
379258.5332685396,4699479.731257668,1.0
379260.6050553049,4699477.43355979,1.0
379265.1794801952,4699477.901672283,1.0
379259.9991299148,4699480.136016784,1.0
379259.0110245268,4699476.503280618,1.0
379264.0046423138,4699478.530367616,1.0
379257.87101177784,4699479.843170014,1.0
379258.87273357174,4699478.059037074,1.0
379263.0157759656,4699479.252105721,1.0
379265.30439782294,4699479.191056017,1.0
379263.5331265063,4699481.551538199,1.0
379259.09707821056,4699475.021552535,1.0
379260.31528749806,4699479.630822881,1.0
379260.1414913907,4699479.208088326,1.0
379259.8627384297,4699479.020091388,1.0
379259.4321449286,4699477.453872622,1.0
379263.6268930012,4699479.192746395,1.0
379262.08181099576,4699479.778814059,1.0
379258.67476706277,4699476.446308247,1.0
379258.21881786606,4699476.371144627,1.0
379263.3276244111,4699480.078832967,1.0
379261.1926708861,4699476.580198665,1.0
379264.08044723695,4699479.851394475,1.0
379263.081986096,4699477.134593151,1.0
379259.71530324215,4699476.049532201,1.0
379259.0258554866,4699476.485696541,1.0
379261.7785610377,4699476.177094619,1.0
379264.5254442173,4699478.728215142,1.0
379259.88717276085,4699480.290103526,1.0
379260.68229334865,4699481.034123586,1.0
379261.2966700439,4699479.965496012,1.0
379258.79642715113,4699479.080578384,1.0
379259.1829840629,4699478.0107586505,1.0
379260.0998761976,4699477.252832782,1.0
379260.95805454376,4699476.760925693,1.0
379265.3310467408,4699478.64147242,1.0
379263.99087032734,4699477.450130555,1.0
379258.4666426111,4699477.539489667,1.0
379263.74588395737,4699477.427582593,1.0
379262.20111227036,4699478.952161342,1.0
379261.93049353576,4699476.393056553,1.0
379258.78785350884,4699476.635473346,1.0
379257.64567874005,4699475.714734596,1.0
379263.9549595064,4699479.197666481,1.0
379259.9217811154,4699476.397371832,1.0
379259.4984713526,4699477.140089405,1.0
379255.69383961934,4699478.371813127,1.0
379261.3841503453,4699477.693374392,1.0
379258.43856858945,4699477.538309269,1.0
379257.72970336286,4699479.219879638,1.0
379258.2023419574,4699479.077606076,1.0
379253.6983140921,4699477.072531485,1.0
379263.78978627856,4699479.877051089,1.0
379263.20686582313,4699480.2458933275,1.0
379259.4378191246,4699476.330285111,1.0
379259.6875814995,4699476.746477256,1.0
379263.85571837507,4699478.539297873,1.0
379257.59448003455,4699478.667023041,1.0
379258.79089352017,4699477.132723029,1.0
379261.77978158195,4699477.877378581,1.0
379253.96069008514,4699476.10100149,1.0
379261.289484728,4699478.662249584,1.0
379263.02408288675,4699478.864498444,1.0
379260.52885257715,4699478.427122733,1.0
379260.08768204815,4699477.17658336,1.0
379264.7724911022,4699478.444511984,1.0
379264.5891442676,4699479.103457296,1.0
379261.74053981766,4699477.606698607,1.0
379258.76852444455,4699476.158735684,1.0
379261.5737156108,4699481.223259467,1.0
379259.395722675,4699477.654314763,1.0
379256.5925684663,4699474.46859856,1.0
379262.2468067203,4699478.7391420435,1.0
379264.29199529457,4699478.967893377,1.0
379261.87121709913,4699478.845740101,1.0
379264.2251412188,4699479.336958914,1.0
379265.0472745725,4699478.213367865,1.0
379265.5658456369,4699478.342065029,1.0
379263.78989438724,4699478.349668599,1.0
379259.68253099715,4699478.567032571,1.0
379261.99297675944,4699477.542767827,1.0
379259.89079890726,4699475.650548404,1.0
379262.39046394784,4699478.531786795,1.0
379263.58657484816,4699480.150870061,1.0
379261.2618834186,4699480.295333838,1.0
379257.31289063324,4699478.099038719,1.0
379259.2996286423,4699480.503940185,1.0
379256.9825832334,4699479.363278529,1.0
379255.98340732424,4699475.594536151,1.0
379259.5525678239,4699477.065853608,1.0
379259.1426199538,4699475.272929547,1.0
379261.8257923255,4699477.313047892,1.0
379260.8629793812,4699478.014021011,1.0
379264.12735599704,4699477.170285074,1.0
379264.373506931,4699478.986633716,1.0
379256.3560141293,4699476.403570441,1.0
379252.698943736,4699476.640043189,1.0
379261.7029397621,4699478.649843498,1.0
379263.70220869407,4699479.6620824095,1.0
379258.77048372873,4699480.316847043,1.0
379262.86012476846,4699480.050435628,1.0
379260.2838985031,4699477.766476997,1.0
379258.64455078973,4699479.062448271,1.0
379262.8197614609,4699479.311403998,1.0
379258.1471602195,4699479.006799718,1.0
379264.2858546361,4699477.537288697,1.0
379259.4029892787,4699475.79397808,1.0
379259.0742475238,4699477.091675412,1.0
379265.3233824565,4699478.49798818,1.0
379255.5984735126,4699478.600767449,1.0
379253.8906724442,4699478.116217873,1.0
379264.26984059083,4699479.512083834,1.0
379260.77147438424,4699479.806130603,1.0
379255.756187452,4699475.272730956,1.0
379258.90019022627,4699475.425368606,1.0
379258.42939476925,4699476.017601587,1.0
379258.84684144595,4699480.199813739,1.0
379263.67156919255,4699477.440090574,1.0
379261.6413803397,4699480.806550619,1.0
379258.5011478483,4699478.219261776,1.0
379258.52704434766,4699479.712134502,1.0
379258.34143788315,4699475.683699181,1.0
379258.8116628844,4699476.895703502,1.0
379264.29756788746,4699478.877715061,1.0
379262.7951065544,4699479.019744478,1.0
379260.6795555063,4699478.825870854,1.0
379259.62435818015,4699479.843023995,1.0
379259.26839937334,4699477.648352414,1.0
379257.44455006137,4699476.825446798,1.0
379258.5208523232,4699480.123033872,1.0
379260.7391850446,4699476.984769408,1.0
379264.6442107481,4699479.65682606,1.0
379260.9352215067,4699477.127553138,1.0
379260.06232659065,4699480.345880216,1.0
379259.79544788145,4699479.750806331,1.0
379260.6656044966,4699476.660051305,1.0
379262.71687173663,4699477.317871,1.0
379254.2052521066,4699477.067295788,1.0
379262.43831412983,4699478.383597256,1.0
379261.0589008565,4699478.763015425,1.0
379259.164720993,4699476.650260211,1.0
379263.58120748267,4699480.898100258,1.0
379256.9456349093,4699478.640414939,1.0
379255.70085761015,4699475.531067496,1.0
379259.6153436069,4699480.035488892,1.0
379259.4993571358,4699478.067197033,1.0
379260.95627352985,4699477.401273409,1.0
379259.5654552194,4699477.27376552,1.0
379260.5424996189,4699476.12478561,1.0
379258.45554176,4699478.072377508,1.0
379252.35903682566,4699477.148763211,1.0
379259.8966074808,4699478.994515163,1.0
379259.54416287516,4699476.401553039,1.0
379261.1297763229,4699480.601741299,1.0
379259.00991097954,4699474.946118939,1.0
379254.10135491827,4699476.236890695,1.0
379258.3699710383,4699479.2749106465,1.0
379263.1069896269,4699481.813372406,1.0
379261.7240468959,4699481.07254684,1.0
379257.60180990025,4699478.015416094,1.0
379261.6485373769,4699480.385147142,1.0
379262.84484752413,4699477.098656516,1.0
379259.020741501,4699477.028244845,1.0
379259.64258184773,4699477.406361452,1.0
379258.7671380483,4699475.510576405,1.0
379261.6943729349,4699478.5700734,1.0
379260.20784254523,4699476.52103115,1.0
379263.7741885894,4699478.666862442,1.0
379260.676069451,4699476.451775972,1.0
379262.4186436056,4699478.4366621915,1.0
379260.4282826903,4699480.999287017,1.0
379258.1913817462,4699479.592050931,1.0
379260.2908528285,4699477.094350009,1.0
379261.98814661644,4699478.613667316,1.0
379255.77270716877,4699478.143429405,1.0
379263.6449914086,4699477.226023782,1.0
379261.8907238363,4699480.283395167,1.0
379260.9507486653,4699477.09841892,1.0
379263.3401149645,4699478.127930941,1.0
379257.77027930884,4699478.8601448145,1.0
379260.09209650004,4699476.845240179,1.0
379263.81659471506,4699477.639721621,1.0
379263.89219685306,4699481.690976296,1.0
379259.6260549045,4699477.461112791,1.0
379260.1192620324,4699476.69817414,1.0
379263.99689169886,4699478.464447514,1.0
379261.1100386004,4699479.021309132,1.0
379261.1177736623,4699480.402777897,1.0
379265.0489200339,4699479.588435322,1.0
379262.03703910083,4699478.768443396,1.0
379257.3871167377,4699479.369246851,1.0
379256.05169124296,4699476.899033498,1.0
379259.6668396916,4699480.216588352,1.0
379255.43982800224,4699478.426896514,1.0
379259.6402187504,4699476.638777257,1.0
379262.0277280155,4699477.148924369,1.0
379257.0966418187,4699479.252071486,1.0
379261.85545093473,4699480.723493237,1.0
379264.0754952984,4699480.1761860065,1.0
379260.87777316704,4699481.1700806385,1.0
379262.3785155811,4699476.743643072,1.0
379264.0490677203,4699477.917781146,1.0
379261.596257827,4699476.931774401,1.0
379262.790285891,4699478.2394246375,1.0
379260.44616285677,4699480.9115547,1.0
379263.77834872145,4699478.964183296,1.0
379257.37038752076,4699478.94865442,1.0
379257.12071229756,4699478.979942209,1.0
379262.25818183913,4699480.996522717,1.0
379265.17136113707,4699479.391404944,1.0
379263.6940950116,4699479.705282842,1.0
379256.8566669126,4699477.395710906,1.0
379255.97724879376,4699478.151887666,1.0
379257.19483599084,4699477.972688722,1.0
379258.67662310135,4699477.674761353,1.0
379263.85427572916,4699478.003798886,1.0
379261.00221686275,4699477.304075764,1.0
379263.8380625141,4699477.03854687,1.0
379259.4521061786,4699478.36806177,1.0
379257.355104215,4699477.94255947,1.0
379258.97563417704,4699480.08366463,1.0
379253.31007333554,4699477.588002023,1.0
