survey id,image,class,x,y
,ortho_clip_23april.jpg,nest,40.553072788629876,312.13577237309056
,ortho_clip_23april.jpg,nest,2336.4437908394993,436.05287861122207
,ortho_clip_23april.jpg,nest,3528.404954722324,331.1003233007847
,ortho_clip_23april.jpg,nest,4103.145138565195,92.45820348776628
,ortho_clip_23april.jpg,nest,4169.365203225352,13.74378700493823
,ortho_clip_23april.jpg,nest,3687.845084990287,338.62157801994147
,ortho_clip_23april.jpg,nest,4279.982268473931,392.7632002051911
,ortho_clip_23april.jpg,nest,4423.953345076477,178.0694894820963
,ortho_clip_23april.jpg,nest,9980.73174,352.3502664220203
,ortho_clip_23april.jpg,nest,11443.174781540953,469.8003552293604
,ortho_clip_23april.jpg,nest,11992.53810015593,424.3358047232932
,ortho_clip_23april.jpg,nest,14702.730471989822,289.20505738581596
,ortho_clip_23april.jpg,nest,15510.989147653238,344.77284133767574
,ortho_clip_23april.jpg,nest,15899.444241722875,243.1383799
,ortho_clip_23april.jpg,nest,16094.857846770617,165.74685312630425
,ortho_clip_23april.jpg,nest,16423.77183546484,262.48626156578143
,ortho_clip_23april.jpg,nest,17844.551280745964,169.61642946388332
,ortho_clip_23april.jpg,nest,18195.392868686467,448.87085515917414
,ortho_clip_23april.jpg,nest,18487.545882173687,614.6177082854784
,ortho_clip_23april.jpg,nest,18918.358714424157,463.70423111989396
,ortho_clip_23april.jpg,nest,18937.061666722457,543.6754754298618
,ortho_clip_23april.jpg,nest,19020.902487370004,629.4510842461982
,ortho_clip_23april.jpg,nest,18978.337147656635,231.52965086514874
,ortho_clip_23april.jpg,nest,19355.620840570595,339.8777883173632
,ortho_clip_23april.jpg,nest,19736.774109822134,206.37740467088466
,ortho_clip_23april.jpg,nest,19865.75998774144,49.65956299893162
,ortho_clip_23april.jpg,nest,20315.920701679806,54.81899811570374
,ortho_clip_23april.jpg,nest,20437.81235631355,432.7476204192613
,ortho_clip_23april.jpg,nest,20613.878079673395,228.9499333067627
,ortho_clip_23april.jpg,nest,20676.436230464256,261.1964027865884
,ortho_clip_23april.jpg,nest,20705.79633618359,171.01494098886602
,ortho_clip_23april.jpg,nest,20927.141623729305,128.8023922637662
,ortho_clip_23april.jpg,nest,21233.994381769455,330.6649650132821
,ortho_clip_23april.jpg,nest,21136.580807788454,34.635937415466536
,ortho_clip_23april.jpg,nest,21618.236812472285,191.03884230718262
,ortho_clip_23april.jpg,nest,21665.86122641855,478.4088855511315
,ortho_clip_23april.jpg,nest,21835.793794363184,202.94494579374924
,ortho_clip_23april.jpg,nest,21894.78313,309.55869065073216
,ortho_clip_23april.jpg,nest,22042.52704581175,495.7268542588648
,ortho_clip_23april.jpg,nest,22175.117743730334,86.04865701654967
,ortho_clip_23april.jpg,nest,22778.540715890413,416.1724355077151
,ortho_clip_23april.jpg,nest,24815.56678513754,339.8651358892654
,ortho_clip_23april.jpg,nest,24991.99359134757,159.1088375022994
,ortho_clip_23april.jpg,nest,25368.118224218655,284.12292411124895
,ortho_clip_23april.jpg,nest,25463.908238633303,73.06018048574973
,ortho_clip_23april.jpg,nest,26192.886483924452,246.2398675630824
,ortho_clip_23april.jpg,nest,26744.355549961332,243.5339349524991
,ortho_clip_23april.jpg,nest,27532.323126163195,258.145971
,ortho_clip_23april.jpg,nest,27793.17502982343,106.61374485698293
,ortho_clip_23april.jpg,nest,28312.17290453331,9.200170875983298
,ortho_clip_23april.jpg,nest,28242.901029702378,11.364916964449957
,ortho_clip_23april.jpg,nest,28951.31418715309,252.19291930636572
,ortho_clip_23april.jpg,nest,28993.52673587819,255.98122496118236
,ortho_clip_23april.jpg,nest,28657.99109216586,409.6781972423151
,ortho_clip_23april.jpg,nest,27699.549761497245,668.9065413361975
,ortho_clip_23april.jpg,nest,27642.725176674994,715.4485822382306
,ortho_clip_23april.jpg,nest,27686.02009844433,442.69057509143164
,ortho_clip_23april.jpg,nest,26983.018806214783,940.5821754387631
,ortho_clip_23april.jpg,nest,26272.4409,838.2979227587135
,ortho_clip_23april.jpg,nest,25463.36705211119,892.9577614924966
,ortho_clip_23april.jpg,nest,25132.702087097907,677.0243391679475
,ortho_clip_23april.jpg,nest,25045.029870515005,658.6239974159809
,ortho_clip_23april.jpg,nest,22649.197137104533,509.7977038338981
,ortho_clip_23april.jpg,nest,22112.881293686918,1053.1489720390293
,ortho_clip_23april.jpg,nest,22102.59875,679.1890852564142
,ortho_clip_23april.jpg,nest,19688.114411143124,780.9181880958565
,ortho_clip_23april.jpg,nest,19314.111447495685,1209.375983250365
,ortho_clip_23april.jpg,nest,19237.51564054069,1439.7618088571885
,ortho_clip_23april.jpg,nest,19078.33997921234,975.9981339343617
,ortho_clip_23april.jpg,nest,18876.677581213637,1158.511580194313
,ortho_clip_23april.jpg,nest,18848.55255834735,1129.1897478443536
,ortho_clip_23april.jpg,nest,18764.177489748487,1259.043576822745
,ortho_clip_23april.jpg,nest,18311.783504920542,1317.6872415226637
,ortho_clip_23april.jpg,nest,18268.09995876652,1357.7803592256694
,ortho_clip_23april.jpg,nest,17816.304378680412,1424.8016903112907
,ortho_clip_23april.jpg,nest,16058.789651908357,1385.9053820919569
,ortho_clip_23april.jpg,nest,15822.362927283179,1207.459778636447
,ortho_clip_23april.jpg,nest,15639.53164332679,1472.0403980174435
,ortho_clip_23april.jpg,nest,15551.706343782786,1507.9438223593324
,ortho_clip_23april.jpg,nest,15490.39434221433,1383.1103777244573
,ortho_clip_23april.jpg,nest,15603.075858610411,1069.922045388288
,ortho_clip_23april.jpg,nest,15253.984101932352,1227.3447521181085
,ortho_clip_23april.jpg,nest,15081.57777412392,752.2204617
,ortho_clip_23april.jpg,nest,14938.21340377959,1323.9080125624566
,ortho_clip_23april.jpg,nest,14724.051813512135,1063.7282293449684
,ortho_clip_23april.jpg,nest,15309.898808376001,1697.3633476569464
,ortho_clip_23april.jpg,nest,13424.44096208367,1401.3005649673648
,ortho_clip_23april.jpg,nest,13338.64704994281,1223.2551343954747
,ortho_clip_23april.jpg,nest,12824.099969548297,906.0642962499094
,ortho_clip_23april.jpg,nest,12867.12536909089,779.5190034775757
,ortho_clip_23april.jpg,nest,12846.878122247317,779.5190034775757
,ortho_clip_23april.jpg,nest,12478.207716373068,674.1706738776057
,ortho_clip_23april.jpg,nest,12817.88601744217,1334.5122057269527
,ortho_clip_23april.jpg,nest,12798.006625776548,1286.974530004814
,ortho_clip_23april.jpg,nest,12185.20276964934,827.1555575652162
,ortho_clip_23april.jpg,nest,12185.20276964934,859.1354485055642
,ortho_clip_23april.jpg,nest,12188.660055156404,1054.4720796547167
,ortho_clip_23april.jpg,nest,12173.96659175138,1082.1303637112337
,ortho_clip_23april.jpg,nest,11936.278213140686,1351.798633262276
,ortho_clip_23april.jpg,nest,11564.620021131237,1394.150380723818
,ortho_clip_23april.jpg,nest,11303.594965347856,874.6932333
,ortho_clip_23april.jpg,nest,11752.41996017881,1259.9268610716636
,ortho_clip_23april.jpg,nest,11454.418,1605.0317560970032
,ortho_clip_23april.jpg,nest,10961.687440635282,1025.2517660126937
,ortho_clip_23april.jpg,nest,10654.19491074016,1351.1084066993287
,ortho_clip_23april.jpg,nest,10729.102538744388,1694.812160573927
,ortho_clip_23april.jpg,nest,10093.547978529166,1399.1615947849198
,ortho_clip_23april.jpg,nest,9983.823998,724.2403971
,ortho_clip_23april.jpg,nest,9213.424003550495,1262.112877198698
,ortho_clip_23april.jpg,nest,9337.205837452462,818.9380734504217
,ortho_clip_23april.jpg,nest,8419.733700386676,739.1878774
,ortho_clip_23april.jpg,nest,7970.8814678452545,1136.3136444636002
,ortho_clip_23april.jpg,nest,7692.323750219817,1070.9161386065791
,ortho_clip_23april.jpg,nest,4242.912622846226,1164.4083513826108
,ortho_clip_23april.jpg,nest,4315.5773753678195,930.4632944838215
,ortho_clip_23april.jpg,nest,3402.837191255119,1517.098247767907
,ortho_clip_23april.jpg,nest,3230.9230206552506,1109.4667092321376
,ortho_clip_23april.jpg,nest,3101.3324752961184,1701.9802733280026
,ortho_clip_23april.jpg,nest,1576.0920299879663,737.4502726065067
,ortho_clip_23april.jpg,nest,366.9871763076823,800.5264312203847
,ortho_clip_23april.jpg,nest,1820.844067704184,2177.666536303275
,ortho_clip_23april.jpg,nest,2514.750250341099,1851.2590182134122
,ortho_clip_23april.jpg,nest,3725.916755104914,2115.6354908296867
,ortho_clip_23april.jpg,nest,8652.692197717206,2262.9590958591225
,ortho_clip_23april.jpg,nest,8870.251474911836,2420.5610919371234
,ortho_clip_23april.jpg,nest,9295.488113849231,2591.121300530579
,ortho_clip_23april.jpg,nest,9241.240500414478,2393.277063297948
,ortho_clip_23april.jpg,nest,10635.837686398958,2060.8711313984086
,ortho_clip_23april.jpg,nest,10749.488667909898,2299.5381925713864
,ortho_clip_23april.jpg,nest,10925.647689251859,2621.549306852388
,ortho_clip_23april.jpg,nest,11221.140241180306,2886.7349303779183
,ortho_clip_23april.jpg,nest,11601.871029241962,2102.5431579524206
,ortho_clip_23april.jpg,nest,11645.437238821156,2365.834598452769
,ortho_clip_23april.jpg,nest,11783.712599659468,2625.3376729027523
,ortho_clip_23april.jpg,nest,11753.40567125655,2884.840747352736
,ortho_clip_23april.jpg,nest,11910.622862346687,2333.6334870246687
,ortho_clip_23april.jpg,nest,11965.554170076975,2282.490545344745
,ortho_clip_23april.jpg,nest,11315.15930485959,3346.937699710926
,ortho_clip_23april.jpg,nest,11568.734793511829,3335.293927272813
,ortho_clip_23april.jpg,nest,12211.729782594291,2450.3672219762248
,ortho_clip_23april.jpg,nest,12351.455051851646,2484.0047867974404
,ortho_clip_23april.jpg,nest,12505.411598533363,3180.043628097973
,ortho_clip_23april.jpg,nest,12637.374352831977,3310.7126299034635
,ortho_clip_23april.jpg,nest,12529.992895902713,2675.4801557797427
,ortho_clip_23april.jpg,nest,12532.58040088896,2617.261293589178
,ortho_clip_23april.jpg,nest,12624.436827900741,2527.992371563645
,ortho_clip_23april.jpg,nest,12625.730580393863,2427.079677099999
,ortho_clip_23april.jpg,nest,12912.943633867319,2509.8798366599135
,ortho_clip_23april.jpg,nest,13038.437625700313,3450.437899160819
,ortho_clip_23april.jpg,nest,13189.806667395784,3195.568658015457
,ortho_clip_23april.jpg,nest,13489.957245800473,2837.1992174202014
,ortho_clip_23april.jpg,nest,13567.582395387893,3126.9997758799027
,ortho_clip_23april.jpg,nest,13835.389161464493,3173.574865632355
,ortho_clip_23april.jpg,nest,13716.363932097116,2870.8367822414166
,ortho_clip_23april.jpg,nest,13792.695329191412,2701.3552056422163
,ortho_clip_23april.jpg,nest,13778.464051767052,2566.8049463573548
,ortho_clip_23april.jpg,nest,13840.564171436987,2371.4483198956814
,ortho_clip_23april.jpg,nest,13530.063573087307,2205.8480007758517
,ortho_clip_23april.jpg,nest,13179.456647450794,2182.560455899626
,ortho_clip_23april.jpg,nest,12665.836907680698,2084.235266422227
,ortho_clip_23april.jpg,nest,13328.238184160014,1679.2907360745196
,ortho_clip_23april.jpg,nest,13294.118017710884,2039.6256962334844
,ortho_clip_23april.jpg,nest,14261.627802877832,2135.326141
,ortho_clip_23april.jpg,nest,14114.701692271261,2056.965548491995
,ortho_clip_23april.jpg,nest,14184.491594809384,2566.309398594775
,ortho_clip_23april.jpg,nest,14606.904162803276,2545.494866258844
,ortho_clip_23april.jpg,nest,14506.504653888785,2478.1537322308322
,ortho_clip_23april.jpg,nest,14568.948250896578,1652.9187443239246
,ortho_clip_23april.jpg,nest,14677.918449596451,1509.665786482518
,ortho_clip_23april.jpg,nest,14884.839388700706,1699.4453460160055
,ortho_clip_23april.jpg,nest,15123.594318436384,2161.0382101716496
,ortho_clip_23april.jpg,nest,14972.995055064648,2298.1692467377825
,ortho_clip_23april.jpg,nest,15086.86279078474,2410.8125982028205
,ortho_clip_23april.jpg,nest,14860.35170359961,2330.0032373692065
,ortho_clip_23april.jpg,nest,15293.783729888995,2036.1510161560643
,ortho_clip_23april.jpg,nest,15468.870678361825,2187.9746637828543
,ortho_clip_23april.jpg,nest,15474.992599637098,2136.5505250705546
,ortho_clip_23april.jpg,nest,15396.632007313594,2490.3975747813797
,ortho_clip_23april.jpg,nest,15317.047030735035,2614.0603845419105
,ortho_clip_23april.jpg,nest,15277.866734573283,2561.411861574556
,ortho_clip_23april.jpg,nest,14952.180522728717,2660.5869862339914
,ortho_clip_23april.jpg,nest,15946.380537833182,1712.9135728216079
,ortho_clip_23april.jpg,nest,16296.554434778842,2190.4234322929638
,ortho_clip_23april.jpg,nest,16712.84508149746,2092.472691888583
,ortho_clip_23april.jpg,nest,16701.825623201967,2031.2534791358453
,ortho_clip_23april.jpg,nest,16605.099267052643,1733.7281051575387
,ortho_clip_23april.jpg,nest,17298.100755413634,1695.7721932508412
,ortho_clip_23april.jpg,nest,17774.386230629938,1659.0406655991985
,ortho_clip_23april.jpg,nest,18217.66024575841,2200.3960466498747
,ortho_clip_23april.jpg,nest,18360.244437744503,2139.682777804184
,ortho_clip_23april.jpg,nest,18416.358216526125,2438.6496319685693
,ortho_clip_23april.jpg,nest,18762.498411019904,2358.281447267634
,ortho_clip_23april.jpg,nest,19019.07719,2554.5712229022765
,ortho_clip_23april.jpg,nest,19054.128934819946,2299.3945145772414
,ortho_clip_23april.jpg,nest,19211.16075532766,2481.663591952267
,ortho_clip_23april.jpg,nest,18842.416391099723,2713.0051132359526
,ortho_clip_23april.jpg,nest,19829.473548576785,2223.682743975308
,ortho_clip_23april.jpg,nest,19885.556341615254,1953.0832675646934
,ortho_clip_23april.jpg,nest,21479.709733733744,2068.0529932935556
,ortho_clip_23april.jpg,nest,21706.845045539543,1964.2998261723874
,ortho_clip_23april.jpg,nest,21779.752676489556,1646.0299756790741
,ortho_clip_23april.jpg,nest,21573.64841207318,1417.4925940473117
,ortho_clip_23april.jpg,nest,21973.238312472273,2040.0115967743209
,ortho_clip_23april.jpg,nest,22215.796392363653,1905.4128934819946
,ortho_clip_23april.jpg,nest,22239.631579405002,2255.930349972428
,ortho_clip_23april.jpg,nest,22585.94282641755,2028.7950381666271
,ortho_clip_23april.jpg,nest,22414.890307650217,1500.214713779054
,ortho_clip_23april.jpg,nest,23138.358337846472,2131.1461354618336
,ortho_clip_23april.jpg,nest,22991.800048845864,1717.0351737923543
,ortho_clip_23april.jpg,nest,24595.436990500453,1150.1515843875354
,ortho_clip_23april.jpg,nest,24862.540721392485,1091.7682552308077
,ortho_clip_23april.jpg,nest,25065.422790212113,1522.3453077616743
,ortho_clip_23april.jpg,nest,25186.56819821232,1554.4561387978745
,ortho_clip_23april.jpg,nest,25275.602775176332,1620.1373840991932
,ortho_clip_23april.jpg,nest,25072.720706356704,1707.7123778342848
,ortho_clip_23april.jpg,nest,25395.288599947624,1265.4586594720724
,ortho_clip_23april.jpg,nest,25640.49858240588,1414.336148821728
,ortho_clip_23april.jpg,nest,25590.87275262266,1646.4098822197207
,ortho_clip_23april.jpg,nest,25166.134033007467,1862.428200099613
,ortho_clip_23april.jpg,nest,26116.32271503321,1672.682380340248
,ortho_clip_23april.jpg,nest,25971.82397537031,1239.186161351545
,ortho_clip_23april.jpg,nest,26560.03601662434,1846.3727845815129
,ortho_clip_23april.jpg,nest,26771.67558481748,2164.561928485679
,ortho_clip_23april.jpg,nest,26832.978080432043,1656.626964822148
,ortho_clip_23april.jpg,nest,27202.252637348345,1091.7682552308077
,ortho_clip_23april.jpg,nest,27640.12761,1891.619864677977
,ortho_clip_23april.jpg,nest,27727.702599758893,1223.130745833445
,ortho_clip_23april.jpg,nest,27431.4072,2239.0006731605067
,ortho_clip_23april.jpg,nest,26851.952662407977,2330.9544165823527
,ortho_clip_23april.jpg,nest,26596.525597347296,2656.4414766311097
,ortho_clip_23april.jpg,nest,28639.942117832765,2155.8044291121696
,ortho_clip_23april.jpg,nest,28618.04836939899,2241.919839618343
,ortho_clip_23april.jpg,nest,28655.997533350863,1971.8969422684775
,ortho_clip_23april.jpg,nest,28739.19378,1031.9253428451618
,ortho_clip_23april.jpg,nest,28991.70167600205,2471.074406558499
,ortho_clip_23april.jpg,nest,29159.55374732764,2939.6006230412386
,ortho_clip_23april.jpg,nest,29165.942523968395,2849.8586211979286
,ortho_clip_23april.jpg,nest,28303.528123017757,2991.2072042947425
,ortho_clip_23april.jpg,nest,28063.957751964404,3176.0186333930446
,ortho_clip_23april.jpg,nest,27486.70723885489,2744.7919654970065
,ortho_clip_23april.jpg,nest,27990.945829357668,2635.2740815869015
,ortho_clip_23april.jpg,nest,27797.007909933523,3479.4744367272942
,ortho_clip_23april.jpg,nest,28136.53145841793,3747.901310301585
,ortho_clip_23april.jpg,nest,27899.657862091175,3849.1959403097358
,ortho_clip_23april.jpg,nest,27603.565866682733,4039.318168940419
,ortho_clip_23april.jpg,nest,27868.49028362713,4259.049597111946
,ortho_clip_23april.jpg,nest,27977.57680825129,4485.014540976284
,ortho_clip_23april.jpg,nest,28870.527931246223,4274.6333863439695
,ortho_clip_23april.jpg,nest,29065.32529664651,4634.618917603706
,ortho_clip_23april.jpg,nest,28705.339765386776,4801.365462386355
,ortho_clip_23april.jpg,nest,28248.734740888493,4993.04607
,ortho_clip_23april.jpg,nest,28762.99978554526,5201.868845649352
,ortho_clip_23april.jpg,nest,29088.700980494545,5402.899726742451
,ortho_clip_23april.jpg,nest,29060.650159876903,5399.782968896046
,ortho_clip_23april.jpg,nest,29020.132307873642,5407.574863512058
,ortho_clip_23april.jpg,nest,27912.124893476794,5426.275410590486
,ortho_clip_23april.jpg,nest,27829.53081054707,5150.442341183675
,ortho_clip_23april.jpg,nest,28812.79064164058,5524.378648478642
,ortho_clip_23april.jpg,nest,28486.57859606813,5710.945126597133
,ortho_clip_23april.jpg,nest,28409.494242833545,6247.1841056203375
,ortho_clip_23april.jpg,nest,28369.276319406803,6330.971446092713
,ortho_clip_23april.jpg,nest,28283.254649855164,6463.914026308883
,ortho_clip_23april.jpg,nest,28432.95469816581,6465.031190848515
,ortho_clip_23april.jpg,nest,28685.43388412257,6507.483443354518
,ortho_clip_23april.jpg,nest,28975.896664426804,7194.5396352279995
,ortho_clip_23april.jpg,nest,28979.24816,7343.122518999013
,ortho_clip_23april.jpg,nest,28803.853325323525,7575.492743242401
,ortho_clip_23april.jpg,nest,29093.198941088132,7743.067424187153
,ortho_clip_23april.jpg,nest,29030.637726868757,8136.309342137503
,ortho_clip_23april.jpg,nest,28745.76076926268,7964.266003034225
,ortho_clip_23april.jpg,nest,29056.332511280285,7849.198055452162
,ortho_clip_23april.jpg,nest,28593.82639187277,7631.350970223985
,ortho_clip_23april.jpg,nest,28415.080065531703,7547.563629751609
,ortho_clip_23april.jpg,nest,28192.764322144998,7486.119580071867
,ortho_clip_23april.jpg,nest,28330.175560519696,7763.176385900523
,ortho_clip_23april.jpg,nest,28342.464370455644,7843.612232754004
,ortho_clip_23april.jpg,nest,28291.074801632585,7927.399573226379
,ortho_clip_23april.jpg,nest,28284.371814394795,8093.85709
,ortho_clip_23april.jpg,nest,27986.08888231314,7922.930915067853
,ortho_clip_23april.jpg,nest,27968.214249679033,7754.239069583469
,ortho_clip_23april.jpg,nest,27936.933642569344,7653.694261016619
,ortho_clip_23april.jpg,nest,27814.04554320986,7579.9614014009285
,ortho_clip_23april.jpg,nest,29172.517623401982,8397.725844411316
,ortho_clip_23april.jpg,nest,28664.207757869568,8321.758655716361
,ortho_clip_23april.jpg,nest,28663.090593329936,8506.090804755588
,ortho_clip_23april.jpg,nest,28438.540520863968,8401.077338
,ortho_clip_23april.jpg,nest,29007.177271536493,9113.828314
,ortho_clip_23april.jpg,nest,29103.253421944817,9192.029832089438
,ortho_clip_23april.jpg,nest,28712.245833073728,9351.784361256769
,ortho_clip_23april.jpg,nest,28555.842797525296,9438.923195
,ortho_clip_23april.jpg,nest,28565.89727838198,8982.002898638682
,ortho_clip_23april.jpg,nest,28421.783052769493,8907.152874
,ortho_clip_23april.jpg,nest,28219.57627109616,8871.403609215147
,ortho_clip_23april.jpg,nest,28115.679968910415,8845.708824803618
,ortho_clip_23april.jpg,nest,28035.244122056934,8951.839456068627
,ortho_clip_23april.jpg,nest,27995.026198630192,8940.667811
,ortho_clip_23april.jpg,nest,27995.026198630192,8965.245430544208
,ortho_clip_23april.jpg,nest,28916.686943826327,9562.928459247154
,ortho_clip_23april.jpg,nest,28716.714491232255,9575.217269183104
,ortho_clip_23april.jpg,nest,28389.385281120176,9497.015751408886
,ortho_clip_23april.jpg,nest,28397.205432897597,9384.182132906086
,ortho_clip_23april.jpg,nest,28898.812311192218,9804.235999807597
,ortho_clip_23april.jpg,nest,28402.791255595756,10330.420497974117
,ortho_clip_23april.jpg,nest,28431.837533626178,10832.02737626874
,ortho_clip_23april.jpg,nest,28574.834594699034,11147.067776444872
,ortho_clip_23april.jpg,nest,28064.290400087357,11307.939470151834
,ortho_clip_23april.jpg,nest,28044.181438373987,11015.242360768334
,ortho_clip_23april.jpg,nest,27700.09476016743,11044.288638798758
,ortho_clip_23april.jpg,nest,27244.291627997707,10591.83700024793
,ortho_clip_23april.jpg,nest,27364.945398277927,10525.92429240966
,ortho_clip_23april.jpg,nest,27725.789544578958,10200.829411376842
,ortho_clip_23april.jpg,nest,27707.914911944852,10233.227183026162
,ortho_clip_23april.jpg,nest,27507.942459350783,10100.284602809992
,ortho_clip_23april.jpg,nest,27776.061948862385,9728.268811112643
,ortho_clip_23april.jpg,nest,28062.056071008094,9280.285831
,ortho_clip_23april.jpg,nest,27968.214249679033,9373.010488
,ortho_clip_23april.jpg,nest,27773.827619783122,9329.441070464134
,ortho_clip_23april.jpg,nest,27949.007672583644,9162.121510691759
,ortho_clip_23april.jpg,nest,27495.12064373438,9349.050773884155
,ortho_clip_23april.jpg,nest,27898.479225742976,8616.122557652054
,ortho_clip_23april.jpg,nest,27941.36259899115,8003.121913387804
,ortho_clip_23april.jpg,nest,27834.740991046743,7956.312426973188
,ortho_clip_23april.jpg,nest,27911.456538226255,8297.631599
,ortho_clip_23april.jpg,nest,27648.803308899798,8233.918686682091
,ortho_clip_23april.jpg,nest,27682.61016019924,8221.566183322679
,ortho_clip_23april.jpg,nest,27596.142636683355,7934.858079033155
,ortho_clip_23april.jpg,nest,27405.654032246097,7895.850173687642
,ortho_clip_23april.jpg,nest,27557.134731337843,7709.912491540696
,ortho_clip_23april.jpg,nest,27192.410816357293,6846.537519893335
,ortho_clip_23april.jpg,nest,27040.93011726555,7118.9427255561695
,ortho_clip_23april.jpg,nest,26909.60350260232,7189.156955178094
,ortho_clip_23april.jpg,nest,28216.082414523622,6849.384033621025
,ortho_clip_23april.jpg,nest,27874.801425184563,6599.859441802526
,ortho_clip_23april.jpg,nest,27970.518530511767,6367.497917146146
,ortho_clip_23april.jpg,nest,27610.754238075042,6655.969469
,ortho_clip_23april.jpg,nest,27719.67370275772,6652.008761256657
,ortho_clip_23april.jpg,nest,27553.984092846495,6310.0676539498245
,ortho_clip_23april.jpg,nest,27335.485045513364,6194.547009589409
,ortho_clip_23april.jpg,nest,27059.55573498391,6407.765113180349
,ortho_clip_23april.jpg,nest,27289.090674560593,5991.105340554936
,ortho_clip_23april.jpg,nest,27222.084891146493,5897.822779331384
,ortho_clip_23april.jpg,nest,27484.19574979577,5230.392622971316
,ortho_clip_23april.jpg,nest,27366.607169098475,5225.794186854662
,ortho_clip_23april.jpg,nest,27362.66565242706,4877.626881
,ortho_clip_23april.jpg,nest,27187.925079994206,4897.991383681755
,ortho_clip_23april.jpg,nest,26762.898198926327,4788.942755772531
,ortho_clip_23april.jpg,nest,27147.852993834793,4183.263027264675
,ortho_clip_23april.jpg,nest,27127.488491032465,3276.714192838599
,ortho_clip_23april.jpg,nest,27248.361668955942,3814.0742990418817
,ortho_clip_23april.jpg,nest,27338.359632953314,3719.477898927856
,ortho_clip_23april.jpg,nest,26955.37559638056,3823.9280907204256
,ortho_clip_23april.jpg,nest,26815.45175454523,3374.5951901788058
,ortho_clip_23april.jpg,nest,26724.796871102622,3302.334051202814
,ortho_clip_23april.jpg,nest,26983.623132525718,3552.6203598378393
,ortho_clip_23april.jpg,nest,26410.789376279678,3186.0593093959915
,ortho_clip_23april.jpg,nest,26481.07975691996,3842.978754632278
,ortho_clip_23april.jpg,nest,26627.57279320765,4181.949188374202
,ortho_clip_23april.jpg,nest,26280.062406677655,4324.500707990476
,ortho_clip_23april.jpg,nest,25981.82097854038,3113.7981704199997
,ortho_clip_23april.jpg,nest,25689.491825410234,3243.8682205767846
,ortho_clip_23april.jpg,nest,25876.05694785734,2667.749867104561
,ortho_clip_23april.jpg,nest,25398.177668510718,2453.022874
,ortho_clip_23april.jpg,nest,25211.78207889868,1993.4368018814293
,ortho_clip_23april.jpg,nest,24493.30475067295,2485.901687211225
,ortho_clip_23april.jpg,nest,24754.359705526727,2484.725763991163
,ortho_clip_23april.jpg,nest,23433.79792939702,1215.904609544185
,ortho_clip_23april.jpg,nest,23533.48370608074,1200.6608986208555
,ortho_clip_23april.jpg,nest,23224.262724095974,1157.369961142988
,ortho_clip_23april.jpg,nest,22113.449937981764,2939.169153739585
,ortho_clip_23april.jpg,nest,22065.740229377705,2980.601269106269
,ortho_clip_23april.jpg,nest,22461.228603332413,2975.579194516368
,ortho_clip_23april.jpg,nest,22452.439972800086,2597.6680816263142
,ortho_clip_23april.jpg,nest,22232.724209491917,3352.234788758946
,ortho_clip_23april.jpg,nest,24471.313957940307,3521.7298061681063
,ortho_clip_23april.jpg,nest,24070.803509395697,3307.0361174498366
,ortho_clip_23april.jpg,nest,25229.27990143821,3532.1984052576768
,ortho_clip_23april.jpg,nest,25402.204542466072,3686.6966501104403
,ortho_clip_23april.jpg,nest,25281.664525706743,4469.793967416129
,ortho_clip_23april.jpg,nest,25856.321459168652,4758.202616352839
,ortho_clip_23april.jpg,nest,25547.389348322587,4910.508307
,ortho_clip_23april.jpg,nest,26012.947879003197,5116.823108663655
,ortho_clip_23april.jpg,nest,26231.14468,5081.177095873724
,ortho_clip_23april.jpg,nest,26099.977212856993,4791.980474648146
,ortho_clip_23april.jpg,nest,26480.032786911466,4858.150864773702
,ortho_clip_23april.jpg,nest,26391.24004118743,5115.480159706419
,ortho_clip_23april.jpg,nest,26132.040769062292,5556.0756671063755
,ortho_clip_23april.jpg,nest,26118.631863815008,5376.971004160523
,ortho_clip_23april.jpg,nest,27324.98344096683,7571.104721418089
,ortho_clip_23april.jpg,nest,26543.416850337246,5948.315620780082
,ortho_clip_23april.jpg,nest,26256.63958090617,5970.782042809245
,ortho_clip_23april.jpg,nest,26310.823304623562,6186.195383441805
,ortho_clip_23april.jpg,nest,26679.53693674923,6228.4851190261115
,ortho_clip_23april.jpg,nest,26075.586650435856,5972.103597046254
,ortho_clip_23april.jpg,nest,26034.61846908856,6356.67588
,ortho_clip_23april.jpg,nest,25677.798825095975,5336.436009
,ortho_clip_23april.jpg,nest,25309.085192970306,5278.287622616229
,ortho_clip_23april.jpg,nest,25223.184167564683,5213.531465
,ortho_clip_23april.jpg,nest,25085.74252691569,5031.156980295439
,ortho_clip_23april.jpg,nest,24801.60836595863,4936.005075
,ortho_clip_23april.jpg,nest,24861.078306624062,4402.097163478883
,ortho_clip_23april.jpg,nest,24428.930071121933,4567.291443105079
,ortho_clip_23april.jpg,nest,24353.601479612385,5064.195836220679
,ortho_clip_23april.jpg,nest,24003.887592920924,4467.162023741799
,ortho_clip_23april.jpg,nest,23798.08582662205,4913.0658507226935
,ortho_clip_23april.jpg,nest,24707.946267101284,5419.446513
,ortho_clip_23april.jpg,nest,24965.198474974877,5405.906922648946
,ortho_clip_23april.jpg,nest,24930.898180591732,5530.471149619318
,ortho_clip_23april.jpg,nest,25236.892912062427,5673.990802433006
,ortho_clip_23april.jpg,nest,25556.388208034048,5880.934724
,ortho_clip_23april.jpg,nest,25550.223059984924,5821.132787982956
,ortho_clip_23april.jpg,nest,26278.55631,5871.693369458435
,ortho_clip_23april.jpg,nest,25620.810237762067,6313.343663790686
,ortho_clip_23april.jpg,nest,22690.53008313807,4489.122705506868
,ortho_clip_23april.jpg,nest,22538.882187866624,4458.315921952282
,ortho_clip_23april.jpg,nest,22473.621785311083,4435.131305254919
,ortho_clip_23april.jpg,nest,22325.068500546495,4681.575193852821
,ortho_clip_23april.jpg,nest,22510.54543,3839.2007871819446
,ortho_clip_23april.jpg,nest,22057.157374265847,4069.3295751409605
,ortho_clip_23april.jpg,nest,21723.98584542966,4098.525018389492
,ortho_clip_23april.jpg,nest,21730.85536148814,4022.1016522389236
,ortho_clip_23april.jpg,nest,21909.46277900857,4415.3814465867945
,ortho_clip_23april.jpg,nest,20953.542161300535,3584.5986138944977
,ortho_clip_23april.jpg,nest,20495.469721796777,3604.9573889835538
,ortho_clip_23april.jpg,nest,20624.893363434345,4071.755017811194
,ortho_clip_23april.jpg,nest,20320.965935319153,4284.067958025636
,ortho_clip_23april.jpg,nest,20127.55757197312,3763.464995034061
,ortho_clip_23april.jpg,nest,20104.290400442773,3466.8085580221027
,ortho_clip_23april.jpg,nest,19399.004263429048,3511.8887028621552
,ortho_clip_23april.jpg,nest,19509.523328198207,3279.2169875586583
,ortho_clip_23april.jpg,nest,19391.73327232581,3082.900227771333
,ortho_clip_23april.jpg,nest,18555.56929545387,3001.465127415109
,ortho_clip_23april.jpg,nest,18824.59596627354,3343.201709
,ortho_clip_23april.jpg,nest,18655.908972678506,3404.2780345342876
,ortho_clip_23april.jpg,nest,18164.744214110742,2706.365478508885
,ortho_clip_23april.jpg,nest,18227.950201931544,3260.4439431717597
,ortho_clip_23april.jpg,nest,18436.447876041722,3647.888439943429
,ortho_clip_23april.jpg,nest,18136.83507663143,3854.7444000842356
,ortho_clip_23april.jpg,nest,18201.68278,3862.1321129464072
,ortho_clip_23april.jpg,nest,17856.40948,3890.734139640163
,ortho_clip_23april.jpg,nest,17691.82882364678,3790.0912906232998
,ortho_clip_23april.jpg,nest,17733.41095506804,3841.3764153854977
,ortho_clip_23april.jpg,nest,17625.852415437246,3998.2663152980845
,ortho_clip_23april.jpg,nest,17492.41512942912,4150.303950264921
,ortho_clip_23april.jpg,nest,17488.37157530766,4106.633566
,ortho_clip_23april.jpg,nest,17040.34577865007,4172.139142520797
,ortho_clip_23april.jpg,nest,16847.872602468648,3426.507762523864
,ortho_clip_23april.jpg,nest,17082.288130696394,2700.2290552036166
,ortho_clip_23april.jpg,nest,16302.823137303238,3210.8547124806937
,ortho_clip_23april.jpg,nest,16309.586391042008,3525.346011333463
,ortho_clip_23april.jpg,nest,16126.978540095239,3491.529742639617
,ortho_clip_23april.jpg,nest,16028.911360883085,3339.3565335173093
,ortho_clip_23april.jpg,nest,16094.386221652194,3140.0421437013415
,ortho_clip_23april.jpg,nest,15649.626452969876,2820.3114087043964
,ortho_clip_23april.jpg,nest,15756.521504670347,3255.526976342029
,ortho_clip_23april.jpg,nest,15873.915177519972,3410.1430332659247
,ortho_clip_23april.jpg,nest,15835.738373341232,2711.507516794988
,ortho_clip_23april.jpg,nest,15339.439919017615,3384.3736904452753
,ortho_clip_23april.jpg,nest,15211.547625018839,2954.8846434344537
,ortho_clip_23april.jpg,nest,15191.5048,2937.705081554021
,ortho_clip_23april.jpg,nest,15024.481284543013,3369.1029687737796
,ortho_clip_23april.jpg,nest,14713.340330486284,3535.1720669512974
,ortho_clip_23april.jpg,nest,14534.863770950677,2924.3432000914618
,ortho_clip_23april.jpg,nest,14312.483886609518,3165.8114865219904
,ortho_clip_23april.jpg,nest,14510.048848234495,3622.978716562399
,ortho_clip_23april.jpg,nest,14108.237984253261,3576.2121314434426
,ortho_clip_23april.jpg,nest,14753.425974873962,2638.017168750914
,ortho_clip_23april.jpg,nest,14541.544711681956,2716.2796173173306
,ortho_clip_23april.jpg,nest,14102.51146362645,2881.3942953903797
,ortho_clip_23april.jpg,nest,15022.14402383846,2756.171973781605
,ortho_clip_23april.jpg,nest,15267.321333066131,2707.610284514288
,ortho_clip_23april.jpg,nest,12195.884065562603,3532.540148
,ortho_clip_23april.jpg,nest,12125.409449148248,3639.510547684145
,ortho_clip_23april.jpg,nest,12438.769797133502,3967.9725991867595
,ortho_clip_23april.jpg,nest,12251.256978459596,4197.015102533411
,ortho_clip_23april.jpg,nest,12748.354719239414,4302.727027154941
,ortho_clip_23april.jpg,nest,12997.532827275882,4103.887930843014
,ortho_clip_23april.jpg,nest,12987.465024930973,3626.925795
,ortho_clip_23april.jpg,nest,11580.489647230117,3961.6802227211924
,ortho_clip_23april.jpg,nest,10888.373346100134,5055.524148530182
,ortho_clip_23april.jpg,nest,10803.944782721283,4636.2926614076105
,ortho_clip_23april.jpg,nest,10918.94230870282,4391.740961
,ortho_clip_23april.jpg,nest,10977.168904136512,4285.477423919625
,ortho_clip_23april.jpg,nest,11342.540790482919,4399.019285015322
,ortho_clip_23april.jpg,nest,11773.41759669223,4985.652234009754
,ortho_clip_23april.jpg,nest,11856.390495185238,5006.031542411545
,ortho_clip_23april.jpg,nest,11936.452063906563,4981.285239352227
,ortho_clip_23april.jpg,nest,12099.486531120898,4953.627606521224
,ortho_clip_23april.jpg,nest,11617.227324096471,4529.209221274988
,ortho_clip_23april.jpg,nest,8641.515524144748,4391.374479582489
,ortho_clip_23april.jpg,nest,8956.827379073633,3654.0045688373366
,ortho_clip_23april.jpg,nest,4412.714831847368,4029.2512103931376
,ortho_clip_23april.jpg,nest,4590.030716955904,3843.2857699134543
,ortho_clip_23april.jpg,nest,4633.278493811644,3373.326594747743
,ortho_clip_23april.jpg,nest,2469.676807441104,3367.5976403062723
,ortho_clip_23april.jpg,nest,1610.634198,5462.7470189787955
,ortho_clip_23april.jpg,nest,2311.847066377272,6268.162702874245
,ortho_clip_23april.jpg,nest,269.7487933975209,7447.064836981929
,ortho_clip_23april.jpg,nest,1288.7997906770445,7984.564284566619
,ortho_clip_23april.jpg,nest,3149.0673955147627,9948.735128342641
,ortho_clip_23april.jpg,nest,3219.002267877083,7554.9643543409375
,ortho_clip_23april.jpg,nest,3626.6226667888923,6787.678897565767
,ortho_clip_23april.jpg,nest,4351.947200146671,9393.252427864783
,ortho_clip_23april.jpg,nest,5680.709775030756,11417.367447951367
,ortho_clip_23april.jpg,nest,5233.126591911906,8783.819968707421
,ortho_clip_23april.jpg,nest,5552.828865568227,8607.983718196445
,ortho_clip_23april.jpg,nest,4751.575042217072,7211.284410160392
,ortho_clip_23april.jpg,nest,6467.976623909446,7343.161598043625
,ortho_clip_23april.jpg,nest,7678.848985382762,7241.256498315673
,ortho_clip_23april.jpg,nest,7732.798744062266,9489.16311
,ortho_clip_23april.jpg,nest,8032.5196256150675,9778.893295462722
,ortho_clip_23april.jpg,nest,9511.580198780337,9740.468492333874
,ortho_clip_23april.jpg,nest,9969.356785887412,10131.19699345052
,ortho_clip_23april.jpg,nest,8068.890348503494,11023.630138012797
,ortho_clip_23april.jpg,nest,10575.101562766471,10933.462022370493
,ortho_clip_23april.jpg,nest,10873.349945275626,11014.382126152048
,ortho_clip_23april.jpg,nest,11021.31813504761,11294.134484939705
,ortho_clip_23april.jpg,nest,11055.209003867869,11265.32453327676
,ortho_clip_23april.jpg,nest,11014.751976466156,11262.71440247665
,ortho_clip_23april.jpg,nest,11630.742845292225,10105.12139262766
,ortho_clip_23april.jpg,nest,11176.580086073005,9983.750310422523
,ortho_clip_23april.jpg,nest,11003.006387865658,9096.305838384966
,ortho_clip_23april.jpg,nest,10741.993307854613,8913.596682377232
,ortho_clip_23april.jpg,nest,10013.766814623794,8593.855659
,ortho_clip_23april.jpg,nest,9975.919918022191,8187.980319946524
,ortho_clip_23april.jpg,nest,8238.909713750541,7379.410935863004
,ortho_clip_23april.jpg,nest,9955.440061715557,7479.159673
,ortho_clip_23april.jpg,nest,9949.598610556634,6856.459146134882
,ortho_clip_23april.jpg,nest,9975.947576,6721.277495467561
,ortho_clip_23april.jpg,nest,9947.307396138543,6694.9285296595235
,ortho_clip_23april.jpg,nest,9933.560109630002,6650.249848506765
,ortho_clip_23april.jpg,nest,9903.774322,6556.310057365067
,ortho_clip_23april.jpg,nest,9777.757529,6476.117552731911
,ortho_clip_23april.jpg,nest,10022.91747193552,6253.869754177163
,ortho_clip_23april.jpg,nest,10631.234899938463,5898.731519373184
,ortho_clip_23april.jpg,nest,10081.34343959682,5848.324802
,ortho_clip_23april.jpg,nest,28630.174715835212,10532.997875792333
,ortho_clip_23april.jpg,nest,27599.470542146184,11453.292517970343
,ortho_clip_23april.jpg,nest,27196.952612754187,10921.968851172911
,ortho_clip_23april.jpg,nest,26364.450824670508,11035.620972413002
,ortho_clip_23april.jpg,nest,26183.554531696693,11508.224376569722
,ortho_clip_23april.jpg,nest,25991.29302659887,10994.895628968636
,ortho_clip_23april.jpg,nest,25908.895238699803,10714.553729909741
,ortho_clip_23april.jpg,nest,25513.007016380147,10671.934184444706
,ortho_clip_23april.jpg,nest,25550.891056793513,10724.024740013083
,ortho_clip_23april.jpg,nest,25513.95411739048,10907.762336017899
,ortho_clip_23april.jpg,nest,25601.08741034122,11238.300588624501
,ortho_clip_23april.jpg,nest,25060.292733440445,11538.531608900414
,ortho_clip_23april.jpg,nest,25069.763743543786,11359.529517947267
,ortho_clip_23april.jpg,nest,25006.30798,11168.215113859778
,ortho_clip_23april.jpg,nest,25265.813652682944,11166.32091183911
,ortho_clip_23april.jpg,nest,25293.279581982635,10747.702265271435
,ortho_clip_23april.jpg,nest,24998.73116776873,10780.850800633129
,ortho_clip_23april.jpg,nest,24835.829793991263,10822.523245087828
,ortho_clip_23april.jpg,nest,24636.938581821098,11298.915053285884
,ortho_clip_23april.jpg,nest,24612.313955552414,10933.33406329692
,ortho_clip_23april.jpg,nest,24501.503137343323,10836.72976024284
,ortho_clip_23april.jpg,nest,24299.770622142158,11195.681043159468
,ortho_clip_23april.jpg,nest,24264.727884759795,11479.81135
,ortho_clip_23april.jpg,nest,24215.47863222242,11069.716608785031
,ortho_clip_23april.jpg,nest,24177.59459180906,11043.197780495675
,ortho_clip_23april.jpg,nest,23901.041096791498,11217.464366397151
,ortho_clip_23april.jpg,nest,23778.86507,11066.875305754029
,ortho_clip_23april.jpg,nest,23858.421551326464,11052.668790599017
,ortho_clip_23april.jpg,nest,23907.67080386384,10960.799992596609
,ortho_clip_23april.jpg,nest,23834.74402606811,10867.984093583866
,ortho_clip_23april.jpg,nest,23695.52018,10935.228265317588
,ortho_clip_23april.jpg,nest,24115.085925127005,10768.538487498785
,ortho_clip_23april.jpg,nest,23389.60655121108,11445.71570988767
,ortho_clip_23april.jpg,nest,23011.713248087774,11351.00560885426
,ortho_clip_23april.jpg,nest,23418.019581521105,10774.221093560789
,ortho_clip_23april.jpg,nest,23248.4885,10766.644285478116
,ortho_clip_23april.jpg,nest,22860.177086434316,10740.125457188762
,ortho_clip_23april.jpg,nest,22838.393763196633,11234.512184583165
,ortho_clip_23april.jpg,nest,22889.537217754674,11297.96795227555
,ortho_clip_23april.jpg,nest,22367.68456106058,10697.505911723727
,ortho_clip_23april.jpg,nest,22150.79842969407,10897.344224904224
,ortho_clip_23april.jpg,nest,22447.241045928648,11003.419538061644
,ortho_clip_23april.jpg,nest,22241.720126686145,11484.546851311368
,ortho_clip_23april.jpg,nest,22482.283783311006,11226.935376500493
,ortho_clip_23april.jpg,nest,21741.650793229735,11397.413558360631
,ortho_clip_23april.jpg,nest,21879.927540738518,11487.388154342372
,ortho_clip_23april.jpg,nest,21756.80440939508,10923.863053193578
,ortho_clip_23april.jpg,nest,21476.462510336187,10924.810154203913
,ortho_clip_23april.jpg,nest,21364.704591116762,11062.139800702358
,ortho_clip_23april.jpg,nest,21435.73716689182,10659.621871310363
,ortho_clip_23april.jpg,nest,20801.17948996797,10736.337053147425
,ortho_clip_23april.jpg,nest,20759.50704551327,11006.260841092646
,ortho_clip_23april.jpg,nest,20658.16723740752,11273.343326006863
,ortho_clip_23april.jpg,nest,20316.263772676906,11072.557911816033
,ortho_clip_23april.jpg,nest,20132.52617667209,11006.260841092646
,ortho_clip_23april.jpg,nest,20218.712368612494,10908.709437028232
,ortho_clip_23april.jpg,nest,19755.579974559118,11493.070760404376
,ortho_clip_23april.jpg,nest,19590.78439876098,11122.754265363741
,ortho_clip_23april.jpg,nest,19518.80472197559,11084.870224950377
,ortho_clip_23april.jpg,nest,19097.344772376913,11447.60991190834
,ortho_clip_23april.jpg,nest,19038.624509736197,11444.768608877337
,ortho_clip_23april.jpg,nest,18104.78291354677,10750.543568302437
,ortho_clip_23april.jpg,nest,16681.29009501461,11417.302679577648
,ortho_clip_23april.jpg,nest,16943.637074877155,10934.281164307253
,ortho_clip_23april.jpg,nest,16438.83223636908,11076.346315857369
,ortho_clip_23april.jpg,nest,16159.437438320516,11012.890548164984
,ortho_clip_23april.jpg,nest,15001.132902681904,11060.24559868169
,ortho_clip_23april.jpg,nest,14581.567155103896,11217.464366397151
,ortho_clip_23april.jpg,nest,14553.154124793873,11130.331073446414
,ortho_clip_23april.jpg,nest,14344.79190252037,11175.791921942451
,ortho_clip_23april.jpg,nest,13708.34002357585,10995.842729978971
,ortho_clip_23april.jpg,nest,13045.369316341976,11314.06866945123
,ortho_clip_23april.jpg,nest,12766.921619303748,10917.23334612124
,ortho_clip_23april.jpg,nest,12429.753659624806,11399.30776
,ortho_clip_23april.jpg,nest,12391.869619211442,11371.84183108161
,ortho_clip_23april.jpg,nest,12515.93985156521,10868.93119
,ortho_clip_23april.jpg,nest,12285.794306054022,10813.052234984489
,ortho_clip_23april.jpg,nest,12417.441346490463,10402.95749750982
,ortho_clip_23april.jpg,nest,12327.466750508724,10442.735739943853
,ortho_clip_23april.jpg,nest,12346.408770715405,10568.700174318288
,ortho_clip_23april.jpg,nest,12455.325386903827,10539.340042997932
,ortho_clip_23april.jpg,nest,11906.95390192038,10955.117386534605
,ortho_clip_23april.jpg,nest,11637.030113975161,11255.348406810515
,ortho_clip_23april.jpg,nest,12165.512477741591,10111.250386326916
,ortho_clip_23april.jpg,nest,12193.925508051614,10017.48738630384
,ortho_clip_23april.jpg,nest,11773.025632186269,9670.699626438722
,ortho_clip_23april.jpg,nest,11477.030273976326,9327.648595897967
,ortho_clip_23april.jpg,nest,11505.870847340371,9107.549483
,ortho_clip_23april.jpg,nest,11633.376540107733,8936.023968112502
,ortho_clip_23april.jpg,nest,12099.025848766953,8731.430666275379
,ortho_clip_23april.jpg,nest,27529.317546172228,9445.241991501996
,ortho_clip_23april.jpg,nest,27237.54431482965,9757.541982838527
,ortho_clip_23april.jpg,nest,26956.034463484044,9723.819448562752
,ortho_clip_23april.jpg,nest,26828.47531209307,9442.309597217147
,ortho_clip_23april.jpg,nest,26536.70208075049,9833.784234244627
,ortho_clip_23april.jpg,nest,26939.90629491737,9967.208174205305
,ortho_clip_23april.jpg,nest,27230.213329117523,9071.361720183617
,ortho_clip_23april.jpg,nest,27055.735869168948,8990.720877
,ortho_clip_23april.jpg,nest,27004.41896918407,8778.122291698612
,ortho_clip_23april.jpg,nest,27115.84995200837,8656.427928877334
,ortho_clip_23april.jpg,nest,27104.120374868973,8606.577226034884
,ortho_clip_23april.jpg,nest,27403.224591923678,8424.768780374181
,ortho_clip_23april.jpg,nest,27221.416146262975,8270.818080419554
,ortho_clip_23april.jpg,nest,27219.94994912055,8116.867380464926
,ortho_clip_23april.jpg,nest,27063.06685488107,8380.782866
,ortho_clip_23april.jpg,nest,26901.78516921432,8357.323712
,ortho_clip_23april.jpg,nest,26847.535874944595,7939.457526231498
,ortho_clip_23april.jpg,nest,26692.724798915657,8292.853233
,ortho_clip_23april.jpg,nest,26596.719711582336,8313.543985027525
,ortho_clip_23april.jpg,nest,26393.12271603064,8144.707452130999
,ortho_clip_23april.jpg,nest,26532.99219671453,7986.630110056309
,ortho_clip_23april.jpg,nest,26341.80965211111,8220.021787883861
,ortho_clip_23april.jpg,nest,26312.01496983525,8365.684679010277
,ortho_clip_23april.jpg,nest,26495.748843869707,8550.246183
,ortho_clip_23april.jpg,nest,26050.48386985828,8514.658090389566
,ortho_clip_23april.jpg,nest,25874.198666392786,8378.92676
,ortho_clip_23april.jpg,nest,25859.30132525486,8587.489535952773
,ortho_clip_23april.jpg,nest,26353.396472996166,7787.998894883925
,ortho_clip_23april.jpg,nest,25957.789302777834,7932.006525883903
,ortho_clip_23april.jpg,nest,26260.701905915717,7544.6756562977525
,ortho_clip_23april.jpg,nest,26012.41288695024,7542.192766108098
,ortho_clip_23april.jpg,nest,25967.72086353645,7460.257389849489
,ortho_clip_23april.jpg,nest,25859.30132525486,7422.186406941449
,ortho_clip_23april.jpg,nest,26376.570114766277,7168.103977533439
,ortho_clip_23april.jpg,nest,26214.101970179527,6546.867898342971
,ortho_clip_23april.jpg,nest,25816.04791684418,7078.073835716549
,ortho_clip_23april.jpg,nest,25843.665303422287,6916.4906155496765
,ortho_clip_23april.jpg,nest,25674.97041,6866.797546275544
,ortho_clip_23april.jpg,nest,25603.04623114754,7021.761459669879
,ortho_clip_23april.jpg,nest,25179.051048451835,6955.082067877874
,ortho_clip_23april.jpg,nest,25067.66172147296,6725.552545618376
,ortho_clip_23april.jpg,nest,25153.51638975992,6472.529272091705
,ortho_clip_23april.jpg,nest,24727.06335372435,6154.267281139153
,ortho_clip_23april.jpg,nest,24681.082159564066,6525.723202590857
,ortho_clip_23april.jpg,nest,24618.872308641327,6590.637829640669
,ortho_clip_23april.jpg,nest,24684.68853,6725.876635994445
,ortho_clip_23april.jpg,nest,24589.11977,6811.527880018502
,ortho_clip_23april.jpg,nest,24445.766636508495,6176.8070821981155
,ortho_clip_23april.jpg,nest,24341.18195959491,6345.404794119156
,ortho_clip_23april.jpg,nest,24314.134198324155,6495.970665193026
,ortho_clip_23april.jpg,nest,24147.33967048783,6498.6754413201015
,ortho_clip_23april.jpg,nest,24264.546635994437,5635.851856783012
,ortho_clip_23april.jpg,nest,23949.891013211316,5752.15723
,ortho_clip_23april.jpg,nest,24125.701461471224,6012.717330488867
,ortho_clip_23april.jpg,nest,24355.607432272645,6096.565390428208
,ortho_clip_23april.jpg,nest,23655.972007402444,5909.935837659998
,ortho_clip_23april.jpg,nest,23637.940166555276,5784.614543772166
,ortho_clip_23april.jpg,nest,23393.60872307612,5616.918423893484
,ortho_clip_23april.jpg,nest,23697.445241350935,6544.656635480385
,ortho_clip_23april.jpg,nest,23519.831609006313,6280.490167069343
,ortho_clip_23april.jpg,nest,23800.226734179807,6456.300615329252
,ortho_clip_23april.jpg,nest,22108.436916801904,4958.410498577418
,ortho_clip_23april.jpg,nest,22279.265547053248,5272.326357586295
,ortho_clip_23april.jpg,nest,22248.603998033774,5451.915430414629
,ortho_clip_23april.jpg,nest,23020.983018571897,5884.097264212896
,ortho_clip_23april.jpg,nest,22888.116306154185,5625.664208191635
,ortho_clip_23april.jpg,nest,22393.151300554142,5757.070846846514
,ortho_clip_23april.jpg,nest,23020.156960111846,5333.474456
,ortho_clip_23april.jpg,nest,22060.077162507936,5833.912651
,ortho_clip_23april.jpg,nest,21955.07178092228,6265.639715940129
,ortho_clip_23april.jpg,nest,22059.656861966163,6225.9988566184065
,ortho_clip_23april.jpg,nest,22378.583306737262,6537.125469859778
,ortho_clip_23april.jpg,nest,21725.997402083358,6556.191724710224
,ortho_clip_23april.jpg,nest,21688.731540330213,6429.661124339082
,ortho_clip_23april.jpg,nest,21682.66500469598,5898.405932369832
,ortho_clip_23april.jpg,nest,21704.33120338967,5991.1372627788205
,ortho_clip_23april.jpg,nest,21156.609700413217,5754.542373043739
,ortho_clip_23april.jpg,nest,21083.81127280242,6016.270053263499
,ortho_clip_23april.jpg,nest,21037.878931571802,6248.531703259843
,ortho_clip_23april.jpg,nest,21229.962228709413,6549.176588903909
,ortho_clip_23april.jpg,nest,21034.67476202522,6680.039324310843
,ortho_clip_23april.jpg,nest,20946.09075651899,6372.008577891445
,ortho_clip_23april.jpg,nest,21075.34548246458,6407.915502938388
,ortho_clip_23april.jpg,nest,20660.42924904009,6398.036545
,ortho_clip_23april.jpg,nest,20723.93683578874,6141.889278446838
,ortho_clip_23april.jpg,nest,20472.02340835244,6113.6636843363285
,ortho_clip_23april.jpg,nest,20458.285747984653,7101.569803067115
,ortho_clip_23april.jpg,nest,20510.985569331053,7026.284344000827
,ortho_clip_23april.jpg,nest,20271.147606877024,7046.718968604534
,ortho_clip_23april.jpg,nest,20111.97263627973,6527.249301047148
,ortho_clip_23april.jpg,nest,20252.863995389496,6148.670993
,ortho_clip_23april.jpg,nest,20231.353864227698,5664.693041459109
,ortho_clip_23april.jpg,nest,19784.48307317852,4944.121643323323
,ortho_clip_23april.jpg,nest,19728.50757398193,4538.584863429659
,ortho_clip_23april.jpg,nest,19942.128356630143,4479.182292853685
,ortho_clip_23april.jpg,nest,19116.20415419882,5026.371356428517
,ortho_clip_23april.jpg,nest,19240.721080983072,4949.833428955629
,ortho_clip_23april.jpg,nest,18961.98594212658,4610.553362396703
,ortho_clip_23april.jpg,nest,18542.740876715383,4392.363151242647
,ortho_clip_23april.jpg,nest,18574.726876256293,4754.490360330793
,ortho_clip_23april.jpg,nest,18715.2368,6049.923341737597
,ortho_clip_23april.jpg,nest,18461.63352073665,6142.4542689809405
,ortho_clip_23april.jpg,nest,18363.390807861004,6025.933842081915
,ortho_clip_23april.jpg,nest,18475.341806254182,5530.150849
,ortho_clip_23april.jpg,nest,18538.17144820954,5615.8276336824065
,ortho_clip_23april.jpg,nest,18067.520312107597,6167.586125763082
,ortho_clip_23april.jpg,nest,18078.94388337221,6189.290911165842
,ortho_clip_23april.jpg,nest,17949.85752808211,5792.892988283866
,ortho_clip_23april.jpg,nest,17757.94153083666,5696.934989661139
,ortho_clip_23april.jpg,nest,17593.442104626272,6215.565125074446
,ortho_clip_23april.jpg,nest,17449.50510669218,5613.542919429485
,ortho_clip_23april.jpg,nest,17431.227392668807,5451.328207472019
,ortho_clip_23april.jpg,nest,17202.75597,5247.988638961956
,ortho_clip_23april.jpg,nest,17198.186538870756,5086.916284130952
,ortho_clip_23april.jpg,nest,16900.03132886443,5246.846281835496
,ortho_clip_23april.jpg,nest,16903.45840024381,4974.9652857377705
,ortho_clip_23april.jpg,nest,17400.578688324782,4567.786252339736
,ortho_clip_23april.jpg,nest,16678.331073837184,5309.3797850725405
,ortho_clip_23april.jpg,nest,16588.050122026234,4864.423665432858
,ortho_clip_23april.jpg,nest,16521.414181403863,4703.207680056161
,ortho_clip_23april.jpg,nest,16581.601482611164,4331.336140453915
,ortho_clip_23april.jpg,nest,16053.797554372646,3832.306397852709
,ortho_clip_23april.jpg,nest,16251.922700495017,3945.520767065492
,ortho_clip_23april.jpg,nest,16647.55235033659,4339.681463
,ortho_clip_23april.jpg,nest,16173.046142870455,4370.14359
,ortho_clip_23april.jpg,nest,16284.35006807856,4241.265360561507
,ortho_clip_23april.jpg,nest,15818.045202469864,4098.327688188992
,ortho_clip_23april.jpg,nest,16239.828497995317,4706.398605904855
,ortho_clip_23april.jpg,nest,16347.617562407379,5198.479117351218
,ortho_clip_23april.jpg,nest,15859.05191175706,4570.490655
,ortho_clip_23april.jpg,nest,15574.34818727738,4456.843489385628
,ortho_clip_23april.jpg,nest,15682.13725168944,5239.485826638414
,ortho_clip_23april.jpg,nest,15214.015198620124,4310.013000043811
,ortho_clip_23april.jpg,nest,15075.124754117434,4195.3732680733365
,ortho_clip_23april.jpg,nest,15050.874041585217,4329.854492115624
,ortho_clip_23april.jpg,nest,15163.309163325492,4537.087854
,ortho_clip_23april.jpg,nest,15112.603128030858,4603.2261606606025
,ortho_clip_23april.jpg,nest,14918.597427773131,4927.303864500214
,ortho_clip_23april.jpg,nest,14620.975046695938,3908.7739381471497
,ortho_clip_23april.jpg,nest,14812.776136723463,4153.485674
,ortho_clip_23april.jpg,nest,14724.046987667785,4487.921198622982
,ortho_clip_23april.jpg,nest,14668.61261944683,4762.830412453429
,ortho_clip_23april.jpg,nest,14472.895360217748,4358.951443986475
,ortho_clip_23april.jpg,nest,13897.863,3937.153083656958
,ortho_clip_23april.jpg,nest,14148.111316397524,4170.796121692569
,ortho_clip_23april.jpg,nest,13850.707143430285,4447.976810898036
,ortho_clip_23april.jpg,nest,13782.898991993754,4202.915772
,ortho_clip_23april.jpg,nest,13618.731888515838,4499.130328648402
,ortho_clip_23april.jpg,nest,13152.402145303206,4235.035423053492
,ortho_clip_23april.jpg,nest,13421.255517665591,4976.166622087853
,ortho_clip_23april.jpg,nest,22869.818633159524,6025.180377027792
,ortho_clip_23april.jpg,nest,22936.715528537334,6233.675701
,ortho_clip_23april.jpg,nest,22518.60993242604,7098.875547841591
,ortho_clip_23april.jpg,nest,22466.20736438009,7310.715716537979
,ortho_clip_23april.jpg,nest,22680.277429589074,6754.356536645885
,ortho_clip_23april.jpg,nest,22662.438257488324,6916.024033808919
,ortho_clip_23april.jpg,nest,23002.49747565884,7052.047721077126
,ortho_clip_23april.jpg,nest,23002.49747565884,6975.116291392648
,ortho_clip_23april.jpg,nest,22888.772753516572,6833.517862842957
,ortho_clip_23april.jpg,nest,22467.32231263639,7450.084248575075
,ortho_clip_23april.jpg,nest,22383.70119341413,7568.268763742534
,ortho_clip_23april.jpg,nest,23079.42890534332,7668.614106809244
,ortho_clip_23april.jpg,nest,23218.797437380417,7965.190342984188
,ortho_clip_23april.jpg,nest,23253.360833325616,8112.363512815362
,ortho_clip_23april.jpg,nest,22533.10426,8170.340822142794
,ortho_clip_23april.jpg,nest,22622.30012026164,8161.421236
,ortho_clip_23april.jpg,nest,22549.82848360235,8237.237717520602
,ortho_clip_23april.jpg,nest,22750.51916973577,8001.983635441981
,ortho_clip_23april.jpg,nest,22882.08306397879,8103.443926764988
,ortho_clip_23april.jpg,nest,23204.30311004856,8735.619588085261
,ortho_clip_23april.jpg,nest,22957.89954540697,9016.586549
,ortho_clip_23april.jpg,nest,23138.52116292705,9358.875663
,ortho_clip_23april.jpg,nest,23091.693336162585,9793.705483310905
,ortho_clip_23april.jpg,nest,23294.613918808598,9869.521964739086
,ortho_clip_23april.jpg,nest,22985.77325181439,9458.106058165575
,ortho_clip_23april.jpg,nest,22833.025340701734,9363.335456380348
,ortho_clip_23april.jpg,nest,22713.725877277975,9661.026640811588
,ortho_clip_23april.jpg,nest,22666.89805051351,10159.408511376248
,ortho_clip_23april.jpg,nest,22815.186168600983,10317.73116377039
,ortho_clip_23april.jpg,nest,22672.472791794997,10451.524954526003
,ortho_clip_23april.jpg,nest,22110.538870621418,10495.007936521579
,ortho_clip_23april.jpg,nest,22089.35485375178,10555.215142361605
,ortho_clip_23april.jpg,nest,22086.01000898289,10324.420853308171
,ortho_clip_23april.jpg,nest,22334.64347013707,10023.384824108041
,ortho_clip_23april.jpg,nest,22377.01150387635,10168.328097426622
,ortho_clip_23april.jpg,nest,22296.735229422982,10216.270872447383
,ortho_clip_23april.jpg,nest,21616.616793081947,9881.786396
,ortho_clip_23april.jpg,nest,21462.75393371299,9965.407514780609
,ortho_clip_23april.jpg,nest,21236.419437684744,10556.330090617901
,ortho_clip_23april.jpg,nest,20952.107632329065,10516.191953391217
,ortho_clip_23april.jpg,nest,20981.096286992783,10516.191953391217
,ortho_clip_23april.jpg,nest,20971.06175268611,10541.835763286042
,ortho_clip_23april.jpg,nest,20683.40510256154,10474.938867908237
,ortho_clip_23april.jpg,nest,20968.831856173518,9758.027139109408
,ortho_clip_23april.jpg,nest,20770.371066552692,9685.555502450117
,ortho_clip_23april.jpg,nest,20619.853051952625,9597.474590202672
,ortho_clip_23april.jpg,nest,20451.49586525181,9719.00395
,ortho_clip_23april.jpg,nest,21024.579268988356,9332.116905204039
,ortho_clip_23april.jpg,nest,20758.106635733428,8907.321619554965
,ortho_clip_23april.jpg,nest,20751.416946195644,8795.826793925287
,ortho_clip_23april.jpg,nest,20315.472177983604,9094.632926612825
,ortho_clip_23april.jpg,nest,20292.05826460137,9179.368994
,ortho_clip_23april.jpg,nest,20208.437145379114,9105.782409175792
,ortho_clip_23april.jpg,nest,20241.88559306802,8725.585054
,ortho_clip_23april.jpg,nest,20140.42530174501,8567.262401384447
,ortho_clip_23april.jpg,nest,20604.24377636447,8332.008319305827
,ortho_clip_23april.jpg,nest,20558.530897856304,8424.549025
,ortho_clip_23april.jpg,nest,20477.13967514664,8274.031009978395
,ortho_clip_23april.jpg,nest,20837.267961930498,7783.453777207812
,ortho_clip_23april.jpg,nest,20309.897436702122,7722.131623
,ortho_clip_23april.jpg,nest,20046.769648216083,8170.340822142794
,ortho_clip_23april.jpg,nest,19760.227946347808,8493.675816
,ortho_clip_23april.jpg,nest,19662.112499793693,8815.895863
,ortho_clip_23april.jpg,nest,19750.19341204114,7828.051707459684
,ortho_clip_23april.jpg,nest,19653.192913743318,7911.672826681942
,ortho_clip_23april.jpg,nest,19653.192913743318,8166.995977373905
,ortho_clip_23april.jpg,nest,19575.146535802545,7471.268265444714
,ortho_clip_23april.jpg,nest,19397.869763051356,7503.601764877321
,ortho_clip_23april.jpg,nest,19575.146535802545,7295.106440949823
,ortho_clip_23april.jpg,nest,19517.16922647511,6974.001343136351
,ortho_clip_23april.jpg,nest,19201.638869943123,6561.470488306543
,ortho_clip_23april.jpg,nest,19025.47704544823,7007.449790825254
,ortho_clip_23april.jpg,nest,18854.889962234825,6775.540553515524
,ortho_clip_23april.jpg,nest,19028.82189021712,7422.210542167656
,ortho_clip_23april.jpg,nest,19891.44590854713,9058.825925081459
,ortho_clip_23april.jpg,nest,19739.56140201882,9839.946244
,ortho_clip_23april.jpg,nest,19292.044552426472,10364.761458891855
,ortho_clip_23april.jpg,nest,20313.196636496283,10473.250392126363
,ortho_clip_23april.jpg,nest,20694.665586193936,10162.91936985595
,ortho_clip_23april.jpg,nest,20747.55396418004,10229.02984233858
,ortho_clip_23april.jpg,nest,18551.278256721616,9784.450253345934
,ortho_clip_23april.jpg,nest,18612.107674780727,10097.574177364055
,ortho_clip_23april.jpg,nest,18560.266885740915,10183.554022600812
,ortho_clip_23april.jpg,nest,18527.392239032743,10215.16425982021
,ortho_clip_23april.jpg,nest,18210.025457350002,10053.31985
,ortho_clip_23april.jpg,nest,18210.025457350002,10130.448824072228
,ortho_clip_23april.jpg,nest,18263.130655878587,10068.49275912221
,ortho_clip_23april.jpg,nest,18279.567979232674,10566.6701
,ortho_clip_23april.jpg,nest,18102.550650804053,10483.219071440693
,ortho_clip_23april.jpg,nest,18131.632069045896,10470.574976552934
,ortho_clip_23april.jpg,nest,17780.126231166207,10345.398437164124
,ortho_clip_23april.jpg,nest,23187.137330483736,7260.3717645235565
,ortho_clip_23april.jpg,nest,23417.65309877748,7557.049995528661
,ortho_clip_23april.jpg,nest,23590.188486803247,7408.669561826501
,ortho_clip_23april.jpg,nest,23628.146272168913,7213.129455397297
,ortho_clip_23april.jpg,nest,24046.832147111447,7567.402118810208
,ortho_clip_23april.jpg,nest,23822.536142677945,7698.529013709792
,ortho_clip_23april.jpg,nest,23662.653349774067,7857.261570693499
,ortho_clip_23april.jpg,nest,23991.62082,7287.894790208463
,ortho_clip_23april.jpg,nest,23903.05265708997,7070.500201295995
,ortho_clip_23april.jpg,nest,24253.87461274237,6897.964813270226
,ortho_clip_23april.jpg,nest,24387.301979482298,7052.0964265732455
,ortho_clip_23april.jpg,nest,24449.41471917157,7162.519074909737
,ortho_clip_23april.jpg,nest,24529.931233583597,7236.134173800732
,ortho_clip_23april.jpg,nest,24554.086187907207,7355.758709498598
,ortho_clip_23april.jpg,nest,24648.405533361292,7182.073085552658
,ortho_clip_23april.jpg,nest,24593.194209193047,7119.960345863381
,ortho_clip_23april.jpg,nest,24758.828181697783,7316.650688212758
,ortho_clip_23april.jpg,nest,24605.846804314937,7666.322407944982
,ortho_clip_23april.jpg,nest,24641.50411784026,7760.641753399069
,ortho_clip_23april.jpg,nest,24725.471340012802,7589.256601293472
,ortho_clip_23april.jpg,nest,24938.264985244583,7775.594820361302
,ortho_clip_23april.jpg,nest,25203.969482804267,7704.280193310651
,ortho_clip_23april.jpg,nest,25262.631514733028,7974.585634551022
,ortho_clip_23april.jpg,nest,25551.34073069615,7691.627598188761
,ortho_clip_23april.jpg,nest,25397.20911739313,7377.613191981863
,ortho_clip_23april.jpg,nest,25746.88083712535,7760.641753399069
,ortho_clip_23april.jpg,nest,26109.205151979466,8834.962102839521
,ortho_clip_23april.jpg,nest,26126.45869078204,8754.445588427496
,ortho_clip_23april.jpg,nest,26041.34123268933,8688.882140977703
,ortho_clip_23april.jpg,nest,26332.350920492794,8809.656912595741
,ortho_clip_23april.jpg,nest,26419.76885042585,8818.858799957115
,ortho_clip_23april.jpg,nest,26458.87687171169,8717.638038981999
,ortho_clip_23april.jpg,nest,26516.38866772028,8734.891577784574
,ortho_clip_23april.jpg,nest,26665.919337342613,8782.051250511618
,ortho_clip_23april.jpg,nest,26723.43113,8685.431433217187
,ortho_clip_23april.jpg,nest,26540.543622043886,9680.385504165786
,ortho_clip_23april.jpg,nest,26271.38841672369,9879.376318355506
,ortho_clip_23april.jpg,nest,26059.74500741208,9749.399659376093
,ortho_clip_23april.jpg,nest,26133.360106303073,9436.535489089367
,ortho_clip_23april.jpg,nest,25864.204900982873,9519.352475341735
,ortho_clip_23april.jpg,nest,25774.486499209474,9369.821805719403
,ortho_clip_23april.jpg,nest,25689.369041116763,9374.422749
,ortho_clip_23april.jpg,nest,25646.810312070407,9474.493274455035
,ortho_clip_23april.jpg,nest,25826.247115617207,10004.752033654231
,ortho_clip_23april.jpg,nest,25773.336263289304,9896.629857158083
,ortho_clip_23april.jpg,nest,25779.087442890162,10428.03885227745
,ortho_clip_23april.jpg,nest,25321.29354666179,10279.658418575289
,ortho_clip_23april.jpg,nest,25231.57514488839,10378.578707710063
,ortho_clip_23april.jpg,nest,25153.35910231671,10440.69144739934
,ortho_clip_23april.jpg,nest,24981.97395021111,10393.531774672296
,ortho_clip_23april.jpg,nest,24835.893988349293,10203.74284784395
,ortho_clip_23april.jpg,nest,24258.475556423055,10344.071630104909
,ortho_clip_23april.jpg,nest,24183.71022161189,10275.057474894602
,ortho_clip_23april.jpg,nest,24007.724125825607,10340.620922344395
,ortho_clip_23april.jpg,nest,23881.198174606707,10434.940267798482
,ortho_clip_23april.jpg,nest,23554.53117327792,10485.55064828604
,ortho_clip_23april.jpg,nest,23766.17458258953,9979.446843410451
,ortho_clip_23april.jpg,nest,24305.63523,9973.695663809593
,ortho_clip_23april.jpg,nest,24445.96401141106,9878.226082435334
,ortho_clip_23april.jpg,nest,24566.738783029097,9793.108624342622
,ortho_clip_23april.jpg,nest,24673.710723605072,9752.850367136609
,ortho_clip_23april.jpg,nest,24662.208364403356,9579.164743
,ortho_clip_23april.jpg,nest,25152.208866396537,9925.385755162377
,ortho_clip_23april.jpg,nest,25230.42490896822,9821.864522346918
,ortho_clip_23april.jpg,nest,25332.795905863506,9717.193053611283
,ortho_clip_23april.jpg,nest,25489.227991006872,9676.934796
,ortho_clip_23april.jpg,nest,25263.78175,9367.521334
,ortho_clip_23april.jpg,nest,25096.99754222829,9337.615199954593
,ortho_clip_23april.jpg,nest,25448.96973380086,9005.197019024945
,ortho_clip_23april.jpg,nest,25504.181057969105,8763.647476
,ortho_clip_23april.jpg,nest,25558.242146217177,8446.182361821455
,ortho_clip_23april.jpg,nest,25754.932488566556,8177.027156501256
,ortho_clip_23april.jpg,nest,25358.101096107286,8330.008533884105
,ortho_clip_23april.jpg,nest,25279.885053535607,8432.379530779393
,ortho_clip_23april.jpg,nest,25175.21358479997,8713.037095301312
,ortho_clip_23april.jpg,nest,25238.47656040942,8760.196768028354
,ortho_clip_23april.jpg,nest,25126.903676152757,8211.534234
,ortho_clip_23april.jpg,nest,25019.93173557678,8454.234013262658
,ortho_clip_23april.jpg,nest,24870.401065954447,8671.628602175126
,ortho_clip_23april.jpg,nest,24745.80981311024,8341.211983586772
,ortho_clip_23april.jpg,nest,24560.11625,8316.214773
,ortho_clip_23april.jpg,nest,24500.837151891792,8421.203056637694
,ortho_clip_23april.jpg,nest,24496.55191583549,8806.160095695257
,ortho_clip_23april.jpg,nest,24530.119598276506,8698.314988
,ortho_clip_23april.jpg,nest,24590.827109074078,9078.272585270268
,ortho_clip_23april.jpg,nest,24337.998181752417,9037.562842735424
,ortho_clip_23april.jpg,nest,24363.709598090212,8552.616962364209
,ortho_clip_23april.jpg,nest,23506.907470682185,8215.020094719495
,ortho_clip_23april.jpg,nest,23505.697956533964,8271.86726
,ortho_clip_23april.jpg,nest,23676.239451433175,8329.923938800524
,ortho_clip_23april.jpg,nest,23717.36293,8329.923938800524
,ortho_clip_23april.jpg,nest,23866.13317270393,8294.848028502105
,ortho_clip_23april.jpg,nest,23598.830545947007,8570.617254296576
,ortho_clip_23april.jpg,nest,23479.088645273092,8868.157734759032
,ortho_clip_23april.jpg,nest,23782.676696476654,8981.852064691839
,ortho_clip_23april.jpg,nest,23694.464099188437,8948.662756
,ortho_clip_23april.jpg,nest,23668.556895742877,9401.186576
,ortho_clip_23april.jpg,nest,23876.451481896886,9483.377459095016
,ortho_clip_23april.jpg,nest,23958.64236479498,9589.742131080788
,ortho_clip_23april.jpg,nest,24152.032677496383,9580.072615445717
,ortho_clip_23april.jpg,nest,26365.858802839284,10479.472759644972
,ortho_clip_23april.jpg,nest,26581.127692569753,10535.58007664919
,ortho_clip_23april.jpg,nest,18412.220898885582,8872.875749353932
,ortho_clip_23april.jpg,nest,18480.473789265227,8401.796976537555
,ortho_clip_23april.jpg,nest,18107.09033012952,8403.135268505783
,ortho_clip_23april.jpg,nest,17848.799980261447,8005.662553941965
,ortho_clip_23april.jpg,nest,17760.47271035838,7760.755123756177
,ortho_clip_23april.jpg,nest,17979.952593147827,7684.472481567162
,ortho_clip_23april.jpg,nest,17868.874359784873,6739.638352
,ortho_clip_23april.jpg,nest,17106.047937894717,7379.341912811099
,ortho_clip_23april.jpg,nest,16940.099733834402,7379.341912811099
,ortho_clip_23april.jpg,nest,16938.761441866172,7802.242174771256
,ortho_clip_23april.jpg,nest,16929.393398088574,6509.452133462674
,ortho_clip_23april.jpg,nest,16622.924537364284,6323.429549878934
,ortho_clip_23april.jpg,nest,16499.801676287276,5664.9899015105875
,ortho_clip_23april.jpg,nest,16351.25126781393,6160.157929755076
,ortho_clip_23april.jpg,nest,16250.879370196804,6059.786032
,ortho_clip_23april.jpg,nest,16028.722903470898,6047.741404423895
,ortho_clip_23april.jpg,nest,16028.722903470898,5899.190995950548
,ortho_clip_23april.jpg,nest,16064.856786613063,5644.915521987163
,ortho_clip_23april.jpg,nest,16118.388465342197,5442.833434784682
,ortho_clip_23april.jpg,nest,16048.797282994323,5422.759055261257
,ortho_clip_23april.jpg,nest,15783.81547328511,5733.242791890234
,ortho_clip_23april.jpg,nest,15627.235313002395,6045.064820487438
,ortho_clip_23april.jpg,nest,15326.119620151017,5250.119391359801
,ortho_clip_23april.jpg,nest,15231.100890406804,5401.346383769604
,ortho_clip_23april.jpg,nest,15324.781328182788,5456.216354466966
,ortho_clip_23april.jpg,nest,15339.50254,6245.808616
,ortho_clip_23april.jpg,nest,14952.736161015308,5913.912208
,ortho_clip_23april.jpg,nest,14556.601738419718,5295.621318279565
,ortho_clip_23april.jpg,nest,14952.736161015308,5362.535916690982
,ortho_clip_23april.jpg,nest,14651.62046816393,5776.068134873541
,ortho_clip_23april.jpg,nest,14626.192920767591,5925.956835315115
,ortho_clip_23april.jpg,nest,14458.906424739049,6062.4626160744065
,ortho_clip_23april.jpg,nest,14790.802832859677,6379.637812544524
,ortho_clip_23april.jpg,nest,14935.338365428339,6312.723214133107
,ortho_clip_23april.jpg,nest,14400.02158,5464.246106276336
,ortho_clip_23april.jpg,nest,13935.634265161765,5421.420763293029
,ortho_clip_23april.jpg,nest,14175.188527474638,5683.725989065785
,ortho_clip_23april.jpg,nest,14125.67172465019,5837.629565412045
,ortho_clip_23april.jpg,nest,13955.70864468519,6042.388236550982
,ortho_clip_23april.jpg,nest,14184.556571252238,4910.193231429801
,ortho_clip_23april.jpg,nest,14098.905885285623,5023.948049
,ortho_clip_23april.jpg,nest,13828.570907703497,5185.881377
,ortho_clip_23april.jpg,nest,13815.187988021215,5096.215815013541
,ortho_clip_23april.jpg,nest,14085.52296560334,5412.052719515431
,ortho_clip_23april.jpg,nest,13417.715273457396,5583.354091448658
,ortho_clip_23april.jpg,nest,13378.904806378774,5646.253813955391
,ortho_clip_23april.jpg,nest,13502.02766745578,6117.332586771769
,ortho_clip_23april.jpg,nest,13262.473405142908,6061.124324106178
,ortho_clip_23april.jpg,nest,13208.941726413774,6208.336440611296
,ortho_clip_23april.jpg,nest,13117.937872574246,6315.399798069564
,ortho_clip_23april.jpg,nest,13297.268996316845,6463.950206542911
,ortho_clip_23april.jpg,nest,12921.208953244679,6338.150761529446
,ortho_clip_23april.jpg,nest,12917.194077339995,6152.128177945706
,ortho_clip_23april.jpg,nest,12294.888312113813,5857.703945
,ortho_clip_23april.jpg,nest,12108.865728530072,5505.7331572914145
,ortho_clip_23april.jpg,nest,12478.234311761096,5512.424617132557
,ortho_clip_23april.jpg,nest,11331.318094989405,5743.949128
,ortho_clip_23april.jpg,nest,12579.790892034223,6551.549659600752
,ortho_clip_23april.jpg,nest,12238.03844980253,6670.968836857849
,ortho_clip_23april.jpg,nest,12108.91039634567,6708.833454036929
,ortho_clip_23april.jpg,nest,11643.855226376974,6743.785408
,ortho_clip_23april.jpg,nest,11879.78091803124,7101.072052507395
,ortho_clip_23april.jpg,nest,11680.748955936077,7153.499984
,ortho_clip_23april.jpg,nest,11758.419965534189,7525.349942437082
,ortho_clip_23april.jpg,nest,11928.325299030059,7915.646765667595
,ortho_clip_23april.jpg,nest,12272.990404121681,7603.99184
,ortho_clip_23april.jpg,nest,11829.294761792466,7777.780723630946
,ortho_clip_23april.jpg,nest,12840.959661807876,7437.970056639206
,ortho_clip_23april.jpg,nest,12851.639425627616,8033.124167684739
,ortho_clip_23april.jpg,nest,12911.834458066152,8089.435649643371
,ortho_clip_23april.jpg,nest,12923.48510950587,8175.844647821271
,ortho_clip_23april.jpg,nest,13291.271390488615,8818.656944920842
,ortho_clip_23april.jpg,nest,12539.141940866606,9211.760200953056
,ortho_clip_23april.jpg,nest,14143.197951549144,10050.299344625491
,ortho_clip_23april.jpg,nest,13836.504389567353,9898.169601578968
,ortho_clip_23april.jpg,nest,13873.01552789852,9816.628059306033
,ortho_clip_23april.jpg,nest,13707.498367463902,9645.025709149555
,ortho_clip_23april.jpg,nest,13657.599811744643,9853.139197637198
,ortho_clip_23april.jpg,nest,13988.634132613877,9711.962796090023
,ortho_clip_23april.jpg,nest,14236.909873265802,9817.845097250403
,ortho_clip_23april.jpg,nest,14233.258759432685,9702.226492535046
,ortho_clip_23april.jpg,nest,14290.459542818178,9646.242747093926
,ortho_clip_23april.jpg,nest,14410.946299311025,9660.847202426392
,ortho_clip_23april.jpg,nest,14671.392419406671,9822.713249027893
,ortho_clip_23april.jpg,nest,14693.299102405372,9597.561229319039
,ortho_clip_23april.jpg,nest,14845.428845451894,9485.593738436799
,ortho_clip_23april.jpg,nest,14950.094108667901,9641.374595316438
,ortho_clip_23april.jpg,nest,15075.449016938237,9574.437508375968
,ortho_clip_23april.jpg,nest,15960.235602496814,10140.360152509033
,ortho_clip_23april.jpg,nest,15966.320792218676,9944.417043465111
,ortho_clip_23april.jpg,nest,15842.182921892712,9973.625954130044
,ortho_clip_23april.jpg,nest,15709.525785956144,9832.449553
,ortho_clip_23april.jpg,nest,16903.440009385256,10501.820421987572
,ortho_clip_23april.jpg,nest,16810.945125612972,10259.629871057507
,ortho_clip_23april.jpg,nest,17020.275652044988,9849.488084
,ortho_clip_23april.jpg,nest,16881.533326386558,9839.751780249104
,ortho_clip_23april.jpg,nest,17689.646521449686,9572.003432487223
,ortho_clip_23april.jpg,nest,17288.02399980687,9461.252979549354
,ortho_clip_23april.jpg,nest,17329.40328991552,9382.145513165162
,ortho_clip_23april.jpg,nest,16960.640792770748,9315.208426224692
,ortho_clip_23april.jpg,nest,17636.09685189731,8793.099148089026
,ortho_clip_23april.jpg,nest,17533.865664570047,8357.399564003785
,ortho_clip_23april.jpg,nest,17225.955064643884,7998.3733704139895
,ortho_clip_23april.jpg,nest,17485.18414679516,7897.359221031099
,ortho_clip_23april.jpg,nest,17222.30395081077,8594.721963
,ortho_clip_23april.jpg,nest,16873.014060775953,8683.565733
,ortho_clip_23april.jpg,nest,16622.30424423528,8575.249356046405
,ortho_clip_23april.jpg,nest,16350.904782640286,8535.087103882122
,ortho_clip_23april.jpg,nest,16714.79912800757,7953.342966472219
,ortho_clip_23april.jpg,nest,16325.34698580847,8157.805341126746
,ortho_clip_23april.jpg,nest,16639.34277545649,7477.481130222695
,ortho_clip_23april.jpg,nest,16494.51526,7375.249942895432
,ortho_clip_23april.jpg,nest,16433.663362857595,7346.041032
,ortho_clip_23april.jpg,nest,16754.96138017185,7230.422427515142
,ortho_clip_23april.jpg,nest,16664.90057228831,7080.726760357364
,ortho_clip_23april.jpg,nest,16617.436092457792,6985.797800696333
,ortho_clip_23april.jpg,nest,16617.436092457792,6916.426637867119
,ortho_clip_23april.jpg,nest,16628.38943395714,6669.367935159566
,ortho_clip_23april.jpg,nest,16520.07305690802,6596.345658497235
,ortho_clip_23april.jpg,nest,16364.29220002838,6390.666245898336
,ortho_clip_23april.jpg,nest,16315.610682253491,6816.629526
,ortho_clip_23april.jpg,nest,16387.41592097145,6903.039220479025
,ortho_clip_23april.jpg,nest,16083.156434878405,7144.012733464717
,ortho_clip_23april.jpg,nest,16089.241624600265,7101.416405411691
,ortho_clip_23april.jpg,nest,15944.414109219975,6512.370040335554
,ortho_clip_23april.jpg,nest,15756.99026578666,6917.6436758114905
,ortho_clip_23april.jpg,nest,15814.191049172152,6922.511828
,ortho_clip_23april.jpg,nest,15999.180816716724,6904.2562584233965
,ortho_clip_23april.jpg,nest,15737.517658676705,7158.617188797183
,ortho_clip_23april.jpg,nest,15728.99839,7333.870652786778
,ortho_clip_23april.jpg,nest,15607.294598628881,7189.043137406488
,ortho_clip_23april.jpg,nest,15438.126324361148,7297.359514455612
,ortho_clip_23april.jpg,nest,15591.473105352043,7276.669869401285
,ortho_clip_23april.jpg,nest,15480.722652414173,6887.217727202186
,ortho_clip_23april.jpg,nest,15350.49959236635,6637.724948605889
,ortho_clip_23april.jpg,nest,15234.880987650993,6851.923626815393
,ortho_clip_23april.jpg,nest,14935.489653335435,6447.867029283828
,ortho_clip_23april.jpg,nest,14777.274720567051,6718.049452934453
,ortho_clip_23april.jpg,nest,14711.554671570953,6898.171068701536
,ortho_clip_23april.jpg,nest,14963.481526055995,6731.436870322547
,ortho_clip_23april.jpg,nest,14982.954133165951,6836.102133538555
,ortho_clip_23april.jpg,nest,14909.93185650362,7262.065414068818
,ortho_clip_23april.jpg,nest,14914.800008281109,7109.9356710222955
,ortho_clip_23april.jpg,nest,14494.921917472706,7041.781546137454
,ortho_clip_23april.jpg,nest,14436.50409614284,6871.396233925348
,ortho_clip_23april.jpg,nest,14301.412884317528,6681.538314603287
,ortho_clip_23april.jpg,nest,14273.421011596967,6396.751435620196
,ortho_clip_23april.jpg,nest,13947.254842505223,6553.749330444208
,ortho_clip_23april.jpg,nest,13862.06218639917,6490.463357336855
,ortho_clip_23april.jpg,nest,14022.711195056298,6415.007004785779
,ortho_clip_23april.jpg,nest,14109.120889106724,6894.5199548684195
,ortho_clip_23april.jpg,nest,14148.066103326633,7151.314961
,ortho_clip_23april.jpg,nest,14285.591391040689,7067.339343
,ortho_clip_23april.jpg,nest,13756.17988523879,7042.998584081826
,ortho_clip_23april.jpg,nest,13830.419199845493,6848.272512982277
,ortho_clip_23april.jpg,nest,13684.374646520831,6771.5991224868285
,ortho_clip_23april.jpg,nest,13722.102822796369,6716.832414990081
,ortho_clip_23april.jpg,nest,13091.677167611579,6657.197555715844
,ortho_clip_23april.jpg,nest,13282.75212487801,7024.743014916243
,ortho_clip_23april.jpg,nest,13427.57964,6872.613272
,ortho_clip_23april.jpg,nest,13370.378856872809,7090.463063912341
,ortho_clip_23april.jpg,nest,13567.539003861102,7224.337237793281
,ortho_clip_23april.jpg,nest,13060.034181057901,7779.306540426996
,ortho_clip_23april.jpg,nest,13275.449897211778,7770.787274816392
,ortho_clip_23april.jpg,nest,13430.013716147045,7393.505512061015
,ortho_clip_23april.jpg,nest,13616.220521635989,7389.854398227898
,ortho_clip_23april.jpg,nest,13729.405050462601,7326.568425120545
,ortho_clip_23april.jpg,nest,13539.547131140542,7568.758976050609
,ortho_clip_23april.jpg,nest,13416.62629875895,7890.056993364866
,ortho_clip_23april.jpg,nest,13414.192222870206,8121.2942027955805
,ortho_clip_23april.jpg,nest,13503.035992809377,8077.480836798181
,ortho_clip_23april.jpg,nest,13653.948697911526,7774.438388649508
,ortho_clip_23april.jpg,nest,13550.500472639891,8285.594325285825
,ortho_clip_23april.jpg,nest,13629.607939024083,8285.594325285825
,ortho_clip_23april.jpg,nest,13370.378856872809,8358.616601948157
,ortho_clip_23april.jpg,nest,13593.096800692918,8645.837556819992
,ortho_clip_23april.jpg,nest,13700.19613979767,8684.782771039901
,ortho_clip_23april.jpg,nest,14127.376458272305,9387.013664942651
,ortho_clip_23april.jpg,nest,14038.532688333136,9466.121131326843
,ortho_clip_23april.jpg,nest,14182.143165769054,9324.94473
,ortho_clip_23april.jpg,nest,14580.114573578758,9567.135280709734
,ortho_clip_23april.jpg,nest,15045.023068328932,9433.261106828793
,ortho_clip_23april.jpg,nest,14952.528184556646,9266.526908449805
,ortho_clip_23april.jpg,nest,14952.528184556646,9115.614203347654
,ortho_clip_23april.jpg,nest,14799.181403565752,9049.894154351556
,ortho_clip_23april.jpg,nest,14724.942088959047,9176.466100566264
,ortho_clip_23april.jpg,nest,15141.169065934335,9083.971216793978
,ortho_clip_23april.jpg,nest,16374.028503583357,8767.541351
,ortho_clip_23april.jpg,nest,16128.186838820176,8936.709625524943
,ortho_clip_23april.jpg,nest,16136.706104430781,8554.559710992078
,ortho_clip_23april.jpg,nest,16153.744635651992,8485.188548162863
,ortho_clip_23april.jpg,nest,15831.229580393363,8941.577777302433
,ortho_clip_23april.jpg,nest,15542.791587577156,8822.308058753959
,ortho_clip_23april.jpg,nest,15192.699624676101,9399.345071888692
,ortho_clip_23april.jpg,nest,14854.702418465808,8562.595891
,ortho_clip_23april.jpg,nest,15020.953076805017,8533.055484426943
,ortho_clip_23april.jpg,nest,15034.00581444322,8500.080147235696
,ortho_clip_23april.jpg,nest,15014.083214890174,8412.145914725701
,ortho_clip_23april.jpg,nest,15231.170851399223,8346.195240343204
,ortho_clip_23april.jpg,nest,15150.793466995558,8291.923331215941
,ortho_clip_23april.jpg,nest,15089.651695953451,8153.152120536105
,ortho_clip_23april.jpg,nest,15238.040713314067,8032.929537026346
,ortho_clip_23april.jpg,nest,15090.338682144935,8036.364467983768
,ortho_clip_23april.jpg,nest,14788.75174408331,8026.059675111504
,ortho_clip_23april.jpg,nest,14700.130525381832,8096.132266642905
,ortho_clip_23april.jpg,nest,14717.30518016894,7962.856945494944
,ortho_clip_23april.jpg,nest,15524.455343037946,8280.929992335885
,ortho_clip_23april.jpg,nest,15556.492839323697,7965.131815
,ortho_clip_23april.jpg,nest,15651.079733119721,7963.606219600833
,ortho_clip_23april.jpg,nest,15971.454695977227,7977.3365751518695
,ortho_clip_23april.jpg,nest,16136.218962589657,7865.968135682356
,ortho_clip_23april.jpg,nest,16114.86063173249,8326.697844172671
,ortho_clip_23april.jpg,nest,15916.533273773082,8306.865108
,ortho_clip_23april.jpg,nest,16458.894504725486,7810.278284400669
,ortho_clip_23april.jpg,nest,16787.59875756806,7728.812677067926
,ortho_clip_23april.jpg,nest,16510.047327934415,7735.443599
,ortho_clip_23april.jpg,nest,16587.72383725168,7666.292559812567
,ortho_clip_23april.jpg,nest,15107.13378770429,7733.549049587272
,ortho_clip_23april.jpg,nest,15237.857669238223,7540.305050797977
,ortho_clip_23april.jpg,nest,14730.635415644556,7448.939480423786
,ortho_clip_23april.jpg,nest,14944.090993074722,7790.02829
,ortho_clip_23april.jpg,nest,14596.400464889504,8901.317636134185
,ortho_clip_23april.jpg,nest,14614.005048595085,8654.853464256057
,ortho_clip_23april.jpg,nest,14679.702713381372,8648.936423842148
,ortho_clip_23april.jpg,nest,14442.005960427785,8210.704947157808
,ortho_clip_23april.jpg,nest,14617.298551101521,8294.845390681201
,ortho_clip_23april.jpg,nest,14436.396597526225,8430.171270681325
,ortho_clip_23april.jpg,nest,15405.950389694955,9286.615912
,ortho_clip_23april.jpg,nest,16119.30206408682,9276.017544263597
,ortho_clip_23april.jpg,nest,16673.678222471357,9457.820313851467
,ortho_clip_23april.jpg,nest,16259.435646272535,9581.699693048236
,ortho_clip_23april.jpg,nest,17057.840070232036,10212.465742959557
,ortho_clip_23april.jpg,nest,17185.695281009757,9876.358016081522
,ortho_clip_23april.jpg,nest,13359.36591687562,9570.163947725443
,ortho_clip_23april.jpg,nest,13830.99201666835,9082.344677
,ortho_clip_23april.jpg,nest,14343.101043481915,8971.016627817084
,ortho_clip_23april.jpg,nest,14199.38665255795,8740.263943798322
,ortho_clip_23april.jpg,nest,14157.266727298462,8362.385516039854
,ortho_clip_23april.jpg,nest,13898.459551048818,8360.671561230254
,ortho_clip_23april.jpg,nest,13797.33622,8340.104104
,ortho_clip_23april.jpg,nest,14273.815654351283,8115.576023457412
,ortho_clip_23april.jpg,nest,14120.851337596809,7928.081840990198
,ortho_clip_23april.jpg,nest,14038.175534063073,8077.601911210781
,ortho_clip_23april.jpg,nest,13870.185337521125,8053.854605940453
,ortho_clip_23april.jpg,nest,13875.462516470086,7532.293419818067
,ortho_clip_23april.jpg,nest,13943.186312981763,7299.218016238923
,ortho_clip_23april.jpg,nest,14494.651513148265,7531.41389
,ortho_clip_23april.jpg,nest,14405.819000840742,7432.0270197877935
,ortho_clip_23april.jpg,nest,14236.06974464914,7296.579426764442
,ortho_clip_23april.jpg,nest,15211.44522913124,5035.522059180903
,ortho_clip_23april.jpg,nest,15147.721248419222,4958.522249153882
,ortho_clip_23april.jpg,nest,14730.339759418643,4868.766573378442
,ortho_clip_23april.jpg,nest,18957.90793553315,8199.170412133555
,ortho_clip_23april.jpg,nest,17061.40417063965,5810.716422512041
,ortho_clip_23april.jpg,nest,17596.132675778794,6944.340853407029
,ortho_clip_23april.jpg,nest,16355.562543855978,6124.423812193673
,ortho_clip_23april.jpg,nest,16455.37853148195,7379.253371
,ortho_clip_23april.jpg,nest,17318.073853106438,5675.251867876791
,ortho_clip_23april.jpg,nest,15732.508085085581,6417.277727590237
,ortho_clip_23april.jpg,nest,16257.46069,5062.042948725187
,ortho_clip_23april.jpg,nest,11941.868575298593,8706.116887
,ortho_clip_23april.jpg,nest,20164.094050262764,7324.922647253409
,ortho_clip_23april.jpg,nest,17156.042128427438,8680.655145577224
,ortho_clip_23april.jpg,nest,15811.90035219474,9197.472449
,ortho_clip_23april.jpg,nest,14037.42481349374,9232.899441
,ortho_clip_23april.jpg,nest,14106.194857859135,8525.401561
,ortho_clip_23april.jpg,nest,22812.218408084318,9827.347587930568
,ortho_clip_23april.jpg,nest,23242.579415309654,9503.419948
,ortho_clip_23april.jpg,nest,26932.26948442438,4505.679219015098
,ortho_clip_23april.jpg,nest,25380.501838300042,5656.393597
,ortho_clip_23april.jpg,nest,20285.758081246855,4914.363773129255
,ortho_clip_23april.jpg,nest,19542.52161896888,4289.891900184356
,ortho_clip_23april.jpg,nest,18374.989083509015,3953.7114900560446
,ortho_clip_23april.jpg,nest,18607.72937,3952.753711
,ortho_clip_23april.jpg,nest,17597.272579166594,3716.1823113898868
,ortho_clip_23april.jpg,nest,17597.272579166594,152.2868524512866
,ortho_clip_23april.jpg,nest,16317.679906997293,749.9409149016188
,ortho_clip_23april.jpg,nest,16495.82679099691,710.6719781060041
,ortho_clip_23april.jpg,nest,15954.681686374415,849.5499253100076
,ortho_clip_23april.jpg,nest,16430.697822652965,991.3012093527146
,ortho_clip_23april.jpg,nest,15764.08367607375,790.1676306434682
,ortho_clip_23april.jpg,nest,12424.308490554024,1783.3843978886518
,ortho_clip_23april.jpg,nest,11795.047722877953,2129.1425974793087
,ortho_clip_23april.jpg,nest,8829.764105335918,2018.040239716106
,ortho_clip_23april.jpg,nest,13329.409594745632,4584.887815624585
,ortho_clip_23april.jpg,nest,14588.888909044008,4559.027784076253
,ortho_clip_23april.jpg,nest,27480.872974711958,5860.893517307625
,ortho_clip_23april.jpg,nest,26781.365959018378,8136.813579185655
,ortho_clip_23april.jpg,nest,24309.55030260116,10632.170337092559
,ortho_clip_23april.jpg,nest,24147.28485304724,10556.502510875705
,ortho_clip_23april.jpg,nest,27726.373033104413,10812.932366388377
